danceability,energy,key,loudness,mode,speechiness,acousticness,instrumentalness,liveness,valence,tempo,type,id,duration_ms,time_signature,tempo_confidence,time_signature_confidence,key_confidence,mode_confidence
0.464,0.417,0,-9.345,0,0.0256,0.136,0.022,0.0974,0.479,67.528,audio_features,5XeFesFbtLpXzIVDNQP22n,183956,4,0.097,1.0,0.545,0.533
0.52,0.852,0,-5.866,1,0.0543,0.00237,5.79e-05,0.0733,0.234,140.267,audio_features,58ge6dfP91o9oXMzq3XkIS,253587,4,0.82,0.95,0.641,0.581
0.548,0.532,5,-7.596,1,0.0323,0.186,0.000263,0.217,0.405,85.03,audio_features,5FVd6KXrgO9B3JPmC8OPst,272394,4,0.575,0.642,0.074,0.094
0.691,0.631,2,-6.478,1,0.0368,0.0483,1.13e-05,0.104,0.8,92.004,audio_features,086myS9r57YsLbJpU0TgK9,161124,4,0.411,1.0,0.122,0.455
0.288,0.758,6,-5.692,0,0.0371,0.00616,0.0,0.303,0.619,97.094,audio_features,2AT8iROs4FQueDv2c8q2KE,201726,4,0.174,0.976,0.124,0.448
0.646,0.813,6,-5.29,0,0.0288,0.00178,2.26e-05,0.144,0.821,112.115,audio_features,7e8utCy2JlSB8dRHKi49xM,173493,4,0.853,1.0,0.458,0.39
0.728,0.638,5,-6.455,0,0.0336,0.249,0.0,0.116,0.872,130.014,audio_features,0NdTUS4UiNYCNn5FgVqKQY,193030,4,0.208,1.0,0.528,0.526
0.579,0.558,2,-6.986,1,0.0895,0.0202,1.26e-06,0.212,0.506,179.949,audio_features,7nzsY8vlnKdvGOEE0rjAXZ,207357,4,0.131,1.0,0.604,0.544
0.665,0.542,11,-8.323,0,0.033,0.123,0.00291,0.342,0.587,97.975,audio_features,2LGdO5MtFdyphi2EihANZG,257563,4,0.68,1.0,0.345,0.4
0.634,0.599,2,-5.447,1,0.0365,0.0288,0.0,0.197,0.312,112.215,audio_features,2fyIS6GXMgUcSv4oejx63f,175440,4,0.795,1.0,0.634,0.633
0.671,0.939,8,-3.206,1,0.161,0.191,0.0,0.298,0.53,129.024,audio_features,4QNpBfC0zvjKqPJcyqBy9W,252307,4,0.783,1.0,0.099,0.286
0.581,0.963,11,-4.087,1,0.0981,0.0295,0.0,0.139,0.788,129.992,audio_features,3cHyrEgdyYRjgJKSOiOtcS,204160,4,0.951,1.0,0.493,0.495
0.721,0.802,1,-5.797,1,0.0583,0.0921,0.0,0.694,0.724,124.022,audio_features,2bJvI42r8EF3wxjOuDav4r,229360,4,0.695,1.0,0.0,0.194
0.673,0.758,7,-3.632,1,0.158,0.039,0.0,0.341,0.542,135.956,audio_features,0Hf4aIJpsN4Os2f0y0VqWl,229507,4,0.274,0.817,0.623,0.622
0.761,0.933,10,-5.38,1,0.056,0.0908,8.53e-05,0.0607,0.836,122.959,audio_features,4Y7XAxTANhu3lmnLAzhWJW,236200,4,0.854,1.0,0.777,0.38
0.85,0.631,1,-8.401,1,0.227,0.00684,0.000406,0.0679,0.738,126.002,audio_features,0OPyDgTRuIdCJ9B4bYSths,237600,4,0.467,1.0,0.661,0.42
0.67,0.855,0,-3.035,0,0.0499,0.0124,0.0,0.335,0.648,120.05,audio_features,62zFEHfAYl5kdHYOivj4BC,227280,4,0.818,0.986,0.361,0.466
0.817,0.733,2,-6.009,1,0.145,0.0152,4.31e-05,0.107,0.833,127.056,audio_features,13plQdOoWSSXPRUSZc5FuM,237120,4,0.914,1.0,0.0,0.111
0.595,0.912,10,-3.428,0,0.0884,0.0434,0.0,0.259,0.762,128.024,audio_features,3rfhI32Il2hVRKDkuGeeen,234453,4,0.876,0.996,0.699,0.739
0.592,0.935,6,-4.317,0,0.0581,0.00879,0.0154,0.132,0.567,125.013,audio_features,1PCvKFPWnTXAe2oaReVUcr,222520,4,0.71,1.0,0.585,0.564
0.755,0.562,9,-8.947,0,0.0355,0.0186,0.000231,0.18,0.368,116.931,audio_features,5IgjP7X4th6nMNDh4akUHb,184613,4,0.5,1.0,0.478,0.495
0.709,0.583,5,-5.298,0,0.204,0.138,2.97e-06,0.195,0.533,116.624,audio_features,0vjeOZ3Ft5jvAi9SBFJm1j,182667,4,0.584,0.677,0.718,0.54
0.406,0.5,4,-8.452,0,0.0501,0.192,0.0,0.175,0.0905,157.984,audio_features,3XqM8hLCEYlbnFjoWwqtFv,306847,4,0.285,0.994,0.544,0.443
0.699,0.883,5,-3.226,0,0.219,0.0288,0.0,0.817,0.499,127.961,audio_features,3MOECVkNshqHYTPt5DZcdN,211975,4,0.834,0.96,0.78,0.544
0.672,0.82,11,-4.456,1,0.0459,0.0368,0.000188,0.184,0.438,120.005,audio_features,3NZJlJemX3mzjf56MqC5ML,278573,4,0.803,1.0,0.821,0.612
0.696,0.454,1,-6.756,0,0.153,0.123,0.0,0.155,0.136,92.928,audio_features,6XHVuErjQ4XNm6nDPVCxVX,260640,4,0.336,0.892,0.68,0.646
0.662,0.693,3,-4.298,1,0.0698,0.134,0.0,0.145,0.655,86.009,audio_features,5Lgcn7u07bHuqbOtXkN62u,252120,4,0.586,1.0,0.348,0.409
0.841,0.522,10,-5.963,0,0.049,0.0168,1.37e-06,0.188,0.616,99.059,audio_features,5BrTUo0xP1wKXLJWUaGFtk,264947,4,0.211,1.0,0.161,0.393
0.774,0.609,6,-7.077,1,0.126,0.101,0.0,0.117,0.797,100.008,audio_features,44G2gUVQvNNZ6w3i05tR4n,231109,4,0.742,1.0,0.348,0.544
0.755,0.578,0,-8.932,0,0.145,0.316,0.0,0.25,0.581,94.148,audio_features,1IIKrJVP1C9N7iPtG6eOsK,176960,4,0.421,1.0,0.541,0.45
0.413,0.42,0,-6.444,1,0.0416,0.588,6.39e-05,0.11,0.185,84.126,audio_features,5Nm9ERjJZ5oyfXZTECKmRt,172724,4,0.299,0.964,0.509,0.54
0.719,0.454,2,-7.384,1,0.0707,0.0138,4.83e-06,0.318,0.224,131.007,audio_features,0NZPBYD5qbEWRs3PrGiRkT,156943,4,0.358,1.0,0.485,0.416
0.715,0.372,5,-8.237,1,0.0443,0.638,0.0,0.169,0.474,91.931,audio_features,1mXVgsBdtIVeCLJnSnmtdV,201000,4,0.119,0.938,0.532,0.435
0.678,0.484,5,-5.795,1,0.0361,0.529,2.01e-05,0.0766,0.493,82.004,audio_features,7795WJLVKJoAyVoOtCWqXN,239317,4,0.657,0.936,0.491,0.524
0.73,0.735,1,-5.451,1,0.0923,0.0176,0.000189,0.089,0.541,121.985,audio_features,1DunhgeZSEgWiIYbHqXl0c,255867,4,0.134,1.0,0.339,0.417
0.587,0.924,11,-5.433,0,0.0457,0.0311,0.0171,0.23,0.509,140.009,audio_features,22dUzMFttcR3uU17NcOAIv,179162,4,0.732,1.0,0.621,0.634
0.741,0.52,8,-7.513,1,0.0656,0.447,1.97e-06,0.222,0.347,102.998,audio_features,3xgT3xIlFGqZjYW9QlhJWp,171030,4,0.825,0.815,0.068,0.378
0.584,0.408,1,-7.356,0,0.0461,0.476,0.0,0.18,0.333,115.129,audio_features,7t3Xdbufg7q2onVsR8RBdY,246735,4,0.398,0.976,0.411,0.703
0.657,0.628,7,-6.627,0,0.0379,0.348,2.01e-05,0.124,0.483,99.924,audio_features,2TeLIzFBe3hxkPR5FIQZut,167066,4,0.524,0.902,0.269,0.555
0.772,0.65,6,-5.202,0,0.0306,0.107,1.13e-06,0.0905,0.262,125.082,audio_features,36pLU2ywVeBKEF0rrKtmCB,222200,4,0.639,1.0,0.378,0.532
0.841,0.738,7,-7.455,0,0.307,0.52,0.0,0.0892,0.484,169.918,audio_features,5RqSsdzTNPX1uzkmlHCFvK,172798,4,0.47,1.0,0.548,0.62
0.717,0.704,1,-5.04,1,0.0695,0.57,1.12e-06,0.0956,0.717,131.997,audio_features,7EWtB4NKYY3NqBl31PVip9,141064,3,0.57,1.0,0.635,0.583
0.72,0.88,9,-2.834,1,0.101,0.0562,0.06,0.153,0.463,180.011,audio_features,05WVKTdZhlIMX4qqMLuo0f,197333,4,0.159,1.0,0.158,0.304
0.812,0.479,2,-5.678,0,0.333,0.213,1.21e-06,0.0756,0.559,169.922,audio_features,2UW7JaomAMuX9pZrjVpHAU,234353,4,0.37,1.0,0.458,0.507
0.737,0.726,3,-7.29,0,0.0538,0.689,0.0,0.169,0.889,127.926,audio_features,1uxiaf3DUS4vpOqNGu4MzL,262883,3,0.848,0.981,0.304,0.263
0.646,0.736,5,-7.118,0,0.0449,0.216,0.0,0.415,0.873,140.098,audio_features,7mXuWTczZNxG5EDcjFEuJR,212878,3,0.888,0.455,0.521,0.543
0.668,0.758,5,-5.176,0,0.0332,0.483,1.89e-05,0.0837,0.834,147.989,audio_features,3qQbCzHBycnDpGskqOWY0E,165671,3,0.524,1.0,0.457,0.469
0.695,0.592,5,-5.34,0,0.032,0.00449,0.000663,0.185,0.482,108.001,audio_features,6XaJfhwof7qIgbbXO5tIQI,260371,4,0.827,1.0,0.35,0.493
0.639,0.676,5,-7.376,0,0.11,0.296,0.00059,0.18,0.852,179.971,audio_features,4Nf5EZ40JenjMUKXOiyRU5,190680,3,0.103,0.909,0.752,0.774
0.561,0.643,0,-7.118,1,0.054,0.232,8.45e-06,0.0986,0.842,143.907,audio_features,1haJsMtoBhHfvuM7XWuT3W,187226,3,0.035,0.608,0.0,0.168
0.569,0.882,3,-2.777,0,0.06,0.0316,0.0,0.142,0.201,148.038,audio_features,42VsgItocQwOQC3XWZ8JNA,191701,4,0.497,1.0,0.601,0.286
0.594,0.811,1,-5.746,1,0.159,0.189,0.0,0.339,0.311,148.144,audio_features,22UmqSLFADtxHCcZ67RzKp,264324,4,0.272,1.0,0.835,0.682
0.64,0.552,2,-5.679,1,0.129,0.0215,0.0,0.119,0.112,144.941,audio_features,28drn6tQo95MRvO0jQEo5C,228267,4,0.238,0.914,0.48,0.163
0.854,0.674,1,-6.23,1,0.184,0.0517,8.53e-05,0.509,0.848,99.022,audio_features,6WzRpISELf3YglGAh7TXcG,215467,4,0.778,1.0,0.423,0.506
0.618,0.793,5,-5.794,1,0.0506,0.0103,0.00463,0.235,0.198,75.524,audio_features,2H2ytI7ompfNmRkI2sq8Uk,174880,4,0.003,0.77,0.671,0.559
0.785,0.903,2,-4.184,1,0.21,0.258,0.0,0.169,0.565,139.98,audio_features,29TPjc8wxfz4XMn21O7VsZ,193234,4,0.829,1.0,0.102,0.406
0.791,0.582,11,-7.323,0,0.286,0.0114,0.0,0.35,0.443,162.991,audio_features,1e1JKLEDKP7hEQzJfNAgPl,181812,4,0.304,1.0,0.551,0.529
0.717,0.79,11,-4.213,1,0.2,0.33,0.000125,0.518,0.371,125.985,audio_features,3yk7PJnryiJ8mAPqsrujzf,168784,4,0.75,1.0,0.615,0.569
0.684,0.693,4,-6.651,0,0.0339,0.00534,0.0,0.506,0.108,134.988,audio_features,1BpKJw4RZxaFB88NE5uxXf,135122,4,0.852,1.0,0.709,0.564
0.581,0.877,8,-4.938,1,0.114,0.0151,0.0,0.826,0.353,77.006,audio_features,5n4FTCMefvyKUjeWumdaWv,236883,4,0.247,1.0,0.485,0.565
0.841,0.738,7,-7.455,0,0.307,0.52,0.0,0.0892,0.484,169.918,audio_features,5RqSsdzTNPX1uzkmlHCFvK,172798,4,0.47,1.0,0.548,0.62
0.912,0.7,6,-3.331,0,0.068,0.163,0.0,0.174,0.535,106.981,audio_features,505v13epFXodT9fVAJ6h8k,170480,4,0.736,1.0,0.262,0.419
0.634,0.725,5,-4.945,0,0.0587,0.0776,0.0,0.211,0.795,159.845,audio_features,54zcJnb3tp9c5OVKREZ1Is,154375,4,0.534,1.0,0.387,0.444
0.85,0.562,5,-7.863,1,0.0724,0.169,3.23e-06,0.104,0.293,122.029,audio_features,4UkUxO2WlKLc0Q1iEutGGh,192787,4,0.553,1.0,0.566,0.146
0.587,0.647,4,-3.385,0,0.327,0.619,0.0,0.106,0.686,90.123,audio_features,0DWdj2oZMBFSzRsi2Cvfzf,197933,4,0.048,1.0,0.603,0.462
0.863,0.502,1,-7.912,1,0.0496,0.61,0.00765,0.11,0.567,111.029,audio_features,3HqcNJdZ2seoGxhn0wVNDK,207627,4,0.851,1.0,0.115,0.413
0.836,0.703,4,-3.554,0,0.0657,0.0845,0.0,0.138,0.902,94.048,audio_features,7FlQk2gJ6TBrHHiidvdR2O,226093,4,0.119,0.98,0.729,0.596
0.564,0.477,0,-6.786,1,0.388,0.852,0.0,0.142,0.57,80.891,audio_features,6otePxalBK8AVa20xhZYVQ,164387,4,0.176,0.995,0.709,0.635
0.796,0.806,1,-3.441,0,0.321,0.332,0.0,0.104,0.56,178.007,audio_features,4NoOME4Dhf4xgxbHDT7VGe,200120,4,0.569,1.0,0.402,0.384
0.843,0.728,2,-4.207,0,0.0552,0.202,0.000219,0.313,0.581,106.015,audio_features,4gJfPoMIcSDGY0tMGxm6Fu,143790,4,0.86,1.0,0.331,0.397
0.587,0.82,0,-5.319,1,0.0668,0.0011,7.36e-06,0.131,0.578,127.976,audio_features,2S5NuP68ckFRvC0qMd7dVR,226613,4,0.749,0.972,0.379,0.401
0.747,0.716,11,-2.457,0,0.0751,0.135,0.0,0.251,0.751,125.006,audio_features,1oHNvJVbFkexQc0BpQp7Y4,210627,4,0.813,1.0,0.284,0.59
0.723,0.86,11,-4.357,1,0.203,0.271,4.56e-06,0.598,0.667,126.979,audio_features,3hlksXnvbKogFdPbpO9vel,200013,4,0.35,1.0,0.625,0.5
0.706,0.786,0,-3.417,0,0.091,0.26,0.0,0.38,0.751,150.028,audio_features,0puf9yIluy9W0vpMEUoAnN,199387,4,0.334,0.497,0.544,0.398
0.93,0.435,11,-6.694,1,0.202,0.0173,0.000287,0.117,0.227,144.978,audio_features,1a73gcEg6h6Re6hHXoVltJ,172138,4,0.674,0.443,0.489,0.395
0.77,0.58,0,-8.393,1,0.247,0.519,0.000127,0.233,0.753,144.072,audio_features,741UUVE2kuITl0c6zuqqbO,109750,4,0.05,1.0,0.558,0.46
0.799,0.701,2,-3.272,1,0.282,0.309,7.36e-05,0.0514,0.607,100.946,audio_features,0dKg2vGC1hFqcK5LGTaKzX,201920,4,0.373,1.0,0.62,0.876
0.737,0.774,11,-5.525,0,0.257,0.0262,0.0,0.238,0.428,137.959,audio_features,5ZJGv7aGdIr9IGpxzSG18T,180870,4,0.633,1.0,0.614,0.569
0.951,0.878,2,-2.565,1,0.211,0.0509,1.61e-05,0.321,0.923,133.014,audio_features,2yjlYDiNiQkdxVqTlaSrlX,170977,4,0.44,1.0,0.702,0.664
0.655,0.692,1,-6.145,0,0.0563,0.00209,0.00286,0.128,0.694,128.008,audio_features,3idU3rXoFCEFhAAbPGbwht,227560,4,0.609,1.0,0.447,0.508
0.599,0.946,11,-4.263,1,0.0447,0.000938,0.0106,0.0826,0.747,151.647,audio_features,2GxrNKugF82CnoRFbQfzPf,142515,4,0.784,1.0,0.487,0.485
0.535,0.622,8,-5.771,1,0.0593,0.541,0.0209,0.402,0.457,143.533,audio_features,1ACA277B6f46DYCgZW8di3,128206,4,0.168,0.982,0.061,0.363
0.807,0.462,8,-10.756,1,0.201,0.0762,0.000718,0.205,0.229,132.408,audio_features,1GnTBbaFtxNkHEjUsWEdNu,146216,4,0.787,0.99,0.341,0.482
0.412,0.67,4,-3.959,1,0.0289,0.772,0.00108,0.242,0.395,134.024,audio_features,5NQw9mvEfBYOEmfl0A2A0i,119104,4,0.19,0.135,0.256,0.397
0.67,0.94,1,-3.379,1,0.0576,0.025,0.284,0.345,0.661,133.188,audio_features,7FKLbfLP8JK1MXKRrYx4Kd,162406,4,0.656,1.0,0.574,0.531
0.656,0.876,11,-5.973,1,0.0449,0.00352,0.462,0.235,0.2,154.989,audio_features,7skteOnDbwZ3ZvjSe99xv2,137987,4,0.214,1.0,0.491,0.659
0.421,0.838,2,-6.585,1,0.0427,0.00112,0.00559,0.271,0.243,172.047,audio_features,2rYXXYRrP3qOOPkUsUTsal,114419,4,0.322,1.0,0.659,0.495
0.262,0.729,6,-5.729,0,0.0566,0.346,0.00514,0.32,0.179,157.388,audio_features,7sxz7iukZOZQI8gojX3tKH,170152,4,0.178,1.0,0.201,0.435
0.489,0.403,2,-9.131,0,0.0333,0.563,0.0097,0.103,0.27,131.377,audio_features,79BvfNXgpx5GyUkNcmX3CB,148054,4,0.262,1.0,0.555,0.585
0.632,0.417,2,-8.972,1,0.0378,0.232,4.05e-05,0.166,0.145,135.919,audio_features,3JyxGOwtERPNSzbxPtq0OC,165616,4,0.286,0.848,0.098,0.341
0.672,0.52,8,-7.747,1,0.0353,0.859,0.0,0.115,0.37,120.001,audio_features,5O2P9iiztwhomNh8xkR9lJ,226600,4,0.49,1.0,0.629,0.708
0.726,0.787,4,-2.494,1,0.0737,0.009,0.0,0.0596,0.888,124.99,audio_features,4cluDES4hQEUhmXj6TXkSo,199987,4,0.714,1.0,0.526,0.429
0.6,0.663,3,-5.802,1,0.0477,0.225,0.0,0.119,0.286,121.07,audio_features,4nVBt6MZDDP6tRVdQTgxJg,245493,4,0.779,0.992,0.282,0.547
0.731,0.703,0,-5.672,0,0.0368,0.111,0.0,0.0657,0.595,138.111,audio_features,2K87XMYnUMqLcX3zvtAF4G,192120,4,0.763,1.0,0.351,0.444
0.648,0.822,11,-5.231,0,0.0749,0.0598,0.0,0.119,0.397,99.933,audio_features,3NLnwwAQbbFKcEcV8hDItk,230333,4,0.237,0.995,0.096,0.265
0.536,0.768,10,-5.948,0,0.0347,0.00433,0.0,0.114,0.545,77.217,audio_features,2Bs4jQEGMycglOfWPBqrVG,228133,4,0.064,1.0,0.829,0.63
0.645,0.78,8,-5.165,1,0.0319,0.218,0.0,0.0919,0.372,120.008,audio_features,1dQQ2QlnvXUehsRUrukKmf,200400,4,0.723,1.0,0.535,0.574
0.681,0.582,6,-7.76,0,0.0313,0.22,0.0,0.119,0.221,124.038,audio_features,3JjnGLK8IxkNLvo8Lb3KOM,248360,4,0.857,1.0,0.171,0.47
0.652,0.877,1,-2.986,1,0.0465,0.0227,0.0,0.0789,0.486,118.491,audio_features,5T7ZFtCcOgkpjxcuaeZbw0,200107,4,0.666,1.0,0.881,0.903
0.574,0.329,1,-6.829,1,0.0274,0.22,0.0,0.0986,0.356,130.993,audio_features,2afCBiru10AFckfOa49wIa,237933,4,0.655,0.913,0.585,0.654
0.638,0.855,7,-4.86,1,0.0264,0.00757,0.0,0.245,0.731,127.986,audio_features,7221xIgOnuakPdLqT0F3nP,178206,4,0.868,0.975,0.179,0.455
0.492,0.673,6,-5.431,1,0.0347,0.413,0.0,0.137,0.488,203.812,audio_features,7K3BhSpAxZBznislvUMVtn,163855,4,0.184,0.901,0.45,0.612
0.659,0.789,3,-5.723,0,0.0293,0.487,0.0,0.115,0.468,139.982,audio_features,0PAcdVzhPO4gq1Iym9ESnK,177388,4,0.534,0.485,0.179,0.304
0.621,0.779,8,-3.777,1,0.0361,0.216,8.62e-06,0.165,0.399,172.037,audio_features,7fveJ3pk1eSfxBdVkzdXZ0,181621,4,0.166,1.0,0.384,0.618
0.728,0.818,9,-5.068,1,0.0329,0.323,0.0,0.582,0.681,119.706,audio_features,5W4kiM2cUYBJXKRudNyxjW,157478,4,0.429,1.0,0.337,0.454
0.505,0.657,11,-5.24,0,0.0318,0.373,0.00107,0.126,0.252,196.0,audio_features,3cBsEDNhFI9E82vPj3kvi3,178520,3,0.209,0.989,0.249,0.558
0.765,0.556,11,-6.417,1,0.0512,0.275,0.0,0.0824,0.274,111.033,audio_features,3FU6urUVsgXa6RBuV2PdRk,169227,4,0.453,1.0,0.552,0.548
0.614,0.68,6,-4.58,1,0.0289,0.369,1.84e-06,0.115,0.707,149.959,audio_features,6foY66mWZN0pSRjZ408c00,234347,4,0.325,1.0,0.468,0.531
0.622,0.444,4,-6.06,1,0.027,0.795,0.0,0.152,0.603,141.952,audio_features,47Xj8eIAp7hYOOqArmkqZE,209427,4,0.495,1.0,0.864,0.772
0.659,0.745,10,-3.599,1,0.0347,0.0417,0.0,0.296,0.54,74.967,audio_features,7qTaDOcld0VmBWXnkbUj45,185600,4,0.202,0.943,0.181,0.207
0.749,0.729,6,-3.19,0,0.0321,0.261,0.0,0.113,0.816,111.004,audio_features,3rUGC1vUpkDG9CZFHMur1t,131872,1,0.962,0.051,0.358,0.537
0.821,0.575,5,-6.57,0,0.0589,0.173,0.000242,0.114,0.611,136.962,audio_features,4E63weMCaNZuGPEFMnuEi8,159401,4,0.765,0.932,0.234,0.458
0.696,0.793,8,-5.733,1,0.097,0.0683,3.78e-06,0.18,0.698,120.003,audio_features,36gcliMRX1vCpgnrZE3dFZ,172253,4,0.86,0.807,0.065,0.449
0.66,0.379,4,-9.357,1,0.0543,0.798,0.0,0.0913,0.0762,124.027,audio_features,4l0RmWt52FxpVxMNni6i63,170227,4,0.24,1.0,0.433,0.59
0.543,0.857,8,-3.341,1,0.0945,0.502,0.0,0.119,0.321,129.918,audio_features,51hyZpbJlIgZIaX3TtMxmu,143940,4,0.42,1.0,0.291,0.473
0.602,0.626,2,-5.323,0,0.0396,0.0129,9.02e-06,0.144,0.619,160.118,audio_features,7l9IqDtVWJurTvkQHq1BGh,207120,4,0.744,1.0,0.334,0.516
0.453,0.383,0,-11.015,1,0.163,0.728,0.0,0.387,0.333,105.029,audio_features,7l97ElWmIdVHWUaOeeU5ZC,175027,4,0.059,0.628,0.445,0.511
0.707,0.811,8,-5.003,1,0.0338,0.0237,5.16e-06,0.153,0.672,113.022,audio_features,0tFRxPQHvAUMTbWYRJUo8R,180393,4,0.973,1.0,0.647,0.674
0.667,0.829,2,-3.74,1,0.0509,0.0168,0.0,0.155,0.265,98.014,audio_features,4mFcwFOlSCxp6hjemRXwpd,122416,4,0.725,1.0,0.227,0.446
0.436,0.153,0,-9.522,1,0.0454,0.911,0.0,0.129,0.415,71.684,audio_features,4Ey0LK1HzksUqm9JLzzKuD,202340,4,0.017,0.159,0.564,0.621
0.759,0.548,9,-6.049,0,0.0289,0.0379,0.0,0.0828,0.75,116.963,audio_features,6v3KW9xbzN5yKLt9YKDYA2,190800,4,0.812,1.0,0.443,0.526
0.618,0.793,5,-5.794,1,0.0506,0.0103,0.00463,0.235,0.198,75.524,audio_features,2H2ytI7ompfNmRkI2sq8Uk,174880,4,0.003,0.77,0.671,0.559
0.377,0.651,4,-5.437,0,0.0589,0.0197,5.31e-05,0.174,0.0851,129.607,audio_features,2ogKhhoMClkFXek7ZgxAhN,219742,4,0.216,1.0,0.575,0.494
0.765,0.523,2,-4.333,1,0.03,0.184,3.56e-05,0.132,0.394,104.988,audio_features,1rfofaqEpACxVEHIZBJe6W,217307,4,0.72,0.995,0.771,0.64
0.756,0.697,8,-6.377,1,0.0401,0.182,0.0,0.333,0.956,94.996,audio_features,2DB4DdfCFMw1iaR6JaR03a,206071,4,0.773,1.0,0.414,0.599
0.637,0.713,0,-4.333,1,0.0747,0.181,0.000637,0.137,0.243,129.923,audio_features,4eWQlBRaTjPPUlzacqEeoQ,226973,4,0.654,0.918,0.594,0.603
0.739,0.682,1,-6.872,1,0.126,0.0786,3.88e-05,0.106,0.471,124.894,audio_features,6G53gri09h5KXRegSCcWy9,181840,4,0.353,1.0,0.258,0.488
0.724,0.491,8,-6.024,1,0.0296,0.018,1.29e-05,0.0887,0.383,105.046,audio_features,3yOlyBJuViE2YSGn3nVE1K,170746,4,0.565,1.0,0.543,0.516
0.638,0.717,2,-4.722,1,0.0337,0.346,0.0,0.105,0.249,100.027,audio_features,4VUwkH455At9kENOfzTqmF,180000,4,0.226,1.0,0.601,0.689
0.687,0.761,9,-4.582,0,0.0876,0.102,0.0,0.147,0.743,113.939,audio_features,2GyA33q5rti5IxkMQemRDH,223853,4,0.72,1.0,0.417,0.382
0.791,0.499,8,-8.472,0,0.0509,0.446,2.41e-05,0.0899,0.669,99.986,audio_features,6XjDF6nds4DE2BBbagZol6,222000,4,0.791,1.0,0.492,0.499
0.763,0.626,5,-5.637,0,0.0433,0.0859,0.225,0.205,0.78,100.02,audio_features,5Uptvz6j1sjDKxidAcnH2L,156171,4,0.661,1.0,0.605,0.558
0.725,0.671,4,-6.409,0,0.0557,0.0661,9.08e-05,0.36,0.353,96.974,audio_features,4IJWhehNLXru5WfS71EWSx,192000,4,0.469,1.0,0.619,0.462
0.776,0.737,1,-5.52,0,0.0636,0.0979,6.46e-05,0.0693,0.547,97.011,audio_features,2kvpHbQHp9QmcG9WhyLwco,173786,4,0.912,1.0,0.322,0.411
0.846,0.755,10,-2.47,0,0.0738,0.0361,0.0,0.0448,0.883,96.002,audio_features,0GJwUAlBMJTbY4VE7iE761,205145,4,0.725,1.0,0.587,0.599
0.87,0.548,10,-5.253,0,0.077,0.0924,4.6e-05,0.0534,0.832,96.018,audio_features,0lREs0EdgrMQQKw00yx0Ct,153750,4,0.867,1.0,0.486,0.489
0.724,0.675,5,-8.166,0,0.0499,0.143,7.61e-05,0.208,0.414,97.988,audio_features,3YkpOplxxP5U32K6Eq4irv,169011,4,0.33,1.0,0.0,0.233
0.765,0.872,1,-5.863,1,0.0498,0.173,5.65e-06,0.0749,0.722,94.999,audio_features,0NO2zL0kw8sGGnaMvHKAZF,237474,4,0.826,1.0,0.317,0.645
0.773,0.795,8,-6.362,0,0.174,0.262,0.0,0.278,0.736,96.955,audio_features,2vUxVG2aZe293MJQ4GtcVz,198879,4,0.574,1.0,0.37,0.373
0.857,0.598,11,-7.202,1,0.0756,0.0341,0.0,0.476,0.574,98.059,audio_features,17SRuSYEW2fdGok0m0vAsO,155723,4,0.238,1.0,0.432,0.424
0.748,0.524,8,-5.599,1,0.0338,0.414,0.0,0.111,0.661,95.01,audio_features,7BKLCZ1jbUBVqRi2FVlTVw,244960,4,0.314,1.0,0.643,0.618
0.752,0.488,6,-7.05,1,0.0705,0.293,9.2e-06,0.0936,0.533,136.07,audio_features,6FZDfxM3a3UCqtzo5pxSLZ,201661,4,0.726,1.0,0.562,0.585
0.632,0.686,6,-7.665,0,0.243,0.549,0.0,0.2,0.329,89.949,audio_features,7FGq80cy8juXBCD2nrqdWU,170770,4,0.17,0.966,0.467,0.642
0.589,0.731,2,-6.343,1,0.0868,0.0534,0.0,0.308,0.191,87.908,audio_features,5k38wzpLb15YgncyWdTZE4,268867,4,0.468,1.0,0.657,0.668
0.645,0.862,11,-4.761,0,0.0845,0.0933,0.0,0.193,0.803,119.947,audio_features,4a9tbd947vo9K8Vti9JwcI,229773,4,0.732,1.0,0.518,0.563
0.63,0.633,4,-7.088,1,0.0457,0.00776,0.0,0.0541,0.452,93.992,audio_features,3Z8FwOEN59mRMxDCtb8N0A,172762,4,0.004,0.81,0.448,0.505
0.675,0.751,0,-3.539,1,0.0296,0.0604,0.0,0.0893,0.612,118.384,audio_features,3OzCF9i6Ey7EkkAYJztmKp,181279,4,0.597,0.982,0.72,0.61
0.626,0.423,1,-6.035,1,0.0513,0.128,0.0,0.18,0.571,95.162,audio_features,1Ao5nOuAUm42ob1UVvOkgW,101790,4,0.312,1.0,0.235,0.562
0.552,0.662,6,-6.225,0,0.0548,9.18e-05,0.0,0.143,0.572,79.973,audio_features,16nCYYc1lCxCyvaR1lgo0i,148732,4,0.234,0.867,0.374,0.519
0.731,0.58,10,-7.328,0,0.0399,0.223,0.0,0.129,0.319,120.001,audio_features,2IO7yf562c1zLzpanal1DT,199593,4,0.462,1.0,0.561,0.587
0.774,0.86,7,-2.888,0,0.13,0.131,0.0,0.116,0.446,100.019,audio_features,7bywjHOc0wSjGGbj04XbVi,196800,4,0.649,1.0,0.478,0.571
0.911,0.778,5,-2.248,1,0.262,0.0887,2.16e-05,0.179,0.345,96.057,audio_features,7iQXYTyuG13aoeHxGG28Nh,162768,4,0.108,0.971,0.159,0.139
0.794,0.729,4,-5.424,0,0.111,0.181,0.0,0.105,0.54,92.967,audio_features,7s4emXHJwAuo5VvGBXmnBL,201936,4,0.38,0.796,0.319,0.367
0.858,0.665,11,-4.772,1,0.152,0.126,0.0,0.119,0.659,100.09,audio_features,1hZsWUnLbqRw09jLAMQSsb,195587,4,0.163,0.991,0.161,0.731
0.865,0.573,5,-5.501,1,0.0678,0.0863,0.0,0.305,0.563,94.999,audio_features,2CeKVsFFXG4QzA415QygGb,155960,4,0.526,1.0,0.0,0.047
0.805,0.89,11,-1.502,0,0.0634,0.0704,0.0,0.121,0.489,93.037,audio_features,0rNqDh9zWWJVTLS4VfceHP,180360,4,0.077,1.0,0.442,0.463
0.769,0.842,1,-3.164,1,0.0446,0.169,3.23e-05,0.266,0.417,97.04,audio_features,6BpZpCM8d8FJnVnr1IbnFL,131853,4,0.569,1.0,0.225,0.376
0.709,0.56,4,-4.867,0,0.171,0.034,0.0,0.315,0.541,170.082,audio_features,0T2pB7P1VdXPhLdQZ488uH,171880,4,0.324,1.0,0.375,0.508
0.901,0.589,1,-6.713,0,0.289,0.00302,0.000237,0.0992,0.399,98.002,audio_features,1zsPaEkglFvxjAhrM8yhpr,196600,4,0.499,1.0,0.682,0.657
0.757,0.789,5,-3.46,0,0.0583,0.307,0.0,0.0717,0.464,91.911,audio_features,5jt25aFjW2kNoBqaEVaz5W,202174,4,0.096,0.986,0.5,0.623
0.786,0.854,10,-2.4,0,0.0741,0.169,2.39e-05,0.106,0.522,117.994,audio_features,0LZy30mVmxqUpdQmaXKXBd,278644,4,0.297,1.0,0.649,0.674
0.8,0.738,7,-4.26,1,0.0691,0.372,0.00877,0.19,0.267,103.008,audio_features,7iUtQNMRB8ZkKC4AmEuCJC,174230,4,0.883,1.0,0.779,0.672
0.708,0.737,1,-4.045,1,0.0436,0.0739,0.00162,0.0955,0.607,91.986,audio_features,7ABLbnD53cQK00mhcaOUVG,197920,4,0.501,1.0,0.592,0.703
0.827,0.677,9,-6.342,1,0.072,0.0529,0.0,0.402,0.599,91.985,audio_features,0QoaFLmBJyuVuzOIGy6iCS,229738,4,0.843,1.0,0.357,0.385
0.845,0.677,11,-4.798,0,0.136,0.269,0.000917,0.108,0.68,90.013,audio_features,4HYDUMY0xSpeBr0AMY9cUz,219048,4,0.015,1.0,0.572,0.557
0.715,0.642,10,-7.492,0,0.0515,0.0687,0.0,0.0997,0.169,105.964,audio_features,4PA1wK0leCjmRZlP5dQ8Lv,191321,4,0.144,1.0,0.633,0.657
0.677,0.719,1,-3.489,0,0.145,0.299,0.0,0.0978,0.558,97.948,audio_features,7y8wfdPTJT94sIs6LnGDJC,225155,4,0.626,0.953,0.569,0.535
0.715,0.611,4,-5.094,0,0.0519,0.176,0.0,0.0949,0.776,79.971,audio_features,655JkvIwu2rDCaD1hPf04g,195333,4,0.071,1.0,0.319,0.363
0.832,0.871,9,-1.81,0,0.0527,0.201,0.0,0.0856,0.743,106.993,audio_features,2vh03XeMmNRwxiAztk01Pe,197383,4,0.843,0.866,0.492,0.421
0.677,0.722,2,-4.443,0,0.0626,0.538,0.0,0.11,0.786,172.0,audio_features,1A9PKAFEHMWgXNLpgf7k4J,173452,4,0.587,1.0,0.505,0.515
0.561,0.965,7,-3.673,0,0.0343,0.00383,7.07e-06,0.371,0.304,128.04,audio_features,4uUG5RXrOk84mYEfFvj3cK,175238,4,0.808,0.789,0.898,0.773
0.501,0.519,4,-5.88,0,0.0409,0.109,0.0,0.454,0.168,133.99,audio_features,23L5CiUhw2jV1OIMwthR3S,195707,4,0.077,1.0,0.583,0.54
0.756,0.674,0,-6.518,0,0.0959,0.0184,0.0,0.158,0.389,111.995,audio_features,40YcuQysJ0KlGQTeGUosTC,251467,4,0.74,0.963,0.778,0.703
0.642,0.772,10,-6.61,1,0.0848,0.0476,0.0,0.0646,0.589,153.995,audio_features,4e4fqjx0Izh4svvTef1z7e,164205,4,0.185,0.849,0.371,0.394
0.454,0.931,11,-4.083,1,0.0321,0.238,0.000623,0.289,0.462,137.945,audio_features,3YfGTvsTAWGC2lgoDOikUz,160530,4,0.814,1.0,0.847,0.74
0.588,0.88,7,-5.15,1,0.0354,0.0243,6.89e-05,0.0667,0.523,130.085,audio_features,0sftzYE0YgPHXrvJyUyGjB,144649,4,0.871,0.933,0.375,0.487
0.703,0.66,10,-5.119,0,0.123,0.137,0.0,0.192,0.79,95.033,audio_features,4wqIXeDppYSMXaWsnTzpzT,198947,4,0.144,1.0,0.156,0.383
0.75,0.725,0,-7.055,0,0.0493,0.0281,0.00322,0.0864,0.276,131.976,audio_features,08APpCYHGsbJ2N9jhRgLQY,169207,4,1.0,1.0,0.551,0.598
0.63,0.694,11,-6.257,0,0.0253,0.00281,0.0,0.0719,0.216,97.005,audio_features,04ZTP5KsCypmtCmQg5tH9R,195519,4,0.521,1.0,0.301,0.388
0.653,0.718,3,-5.232,0,0.213,0.00413,0.0,0.0537,0.216,82.034,audio_features,0OI7AFifLSoGzpb8bdBLLV,202805,4,0.221,0.985,0.0,0.051
0.909,0.762,9,-3.974,1,0.0643,0.434,0.0,0.0856,0.843,101.987,audio_features,4bw8mcDUSRWfQo63ZTYRnU,142335,3,0.17,1.0,0.558,0.523
0.655,0.699,10,-5.809,1,0.0499,0.287,0.0,0.213,0.702,152.08,audio_features,7cXGHxIoogqDTvbuLj0dsO,209492,4,0.125,1.0,0.477,0.386
0.73,0.701,5,-5.885,0,0.106,0.132,0.0,0.151,0.785,175.95,audio_features,6DUdDIRgLqCGq1DwkNWQTN,207307,4,0.397,1.0,0.259,0.32
0.783,0.727,6,-3.454,0,0.389,0.185,2.46e-05,0.0626,0.558,180.067,audio_features,1yoMvmasuxZfqHEipJhRbp,199112,4,0.284,1.0,0.041,0.403
0.813,0.866,7,-3.239,1,0.0851,0.17,0.0,0.0421,0.647,99.994,audio_features,6gMj2DzKR2PjrrbNSwcGFR,235200,4,0.395,1.0,0.347,0.3
0.846,0.738,3,-4.537,0,0.0803,0.234,0.0,0.0987,0.949,102.978,audio_features,1S2WWT5jW9J3MauQ7r7qN4,266616,4,0.904,0.998,0.0,0.015
0.772,0.547,6,-6.373,0,0.0541,0.0983,4.35e-06,0.107,0.0957,130.099,audio_features,0JoHqmlqE0W0i9prt6kcHR,278107,4,0.407,0.998,0.346,0.424
0.882,0.934,8,-1.479,0,0.0501,0.292,0.0024,0.0549,0.611,130.032,audio_features,35FW5OEe4p38LdjK1KqT2X,171761,4,0.886,1.0,0.557,0.49
0.715,0.874,6,-3.576,1,0.0548,0.126,0.000162,0.105,0.652,96.995,audio_features,4EKZsrsCKyqr64FBHLc0DU,214293,4,0.302,0.997,0.708,0.628
0.762,0.77,5,-2.758,1,0.223,0.138,0.0,0.15,0.631,177.998,audio_features,387Dc03iCK2iZ6PBHU1Vb5,201181,4,0.524,0.918,0.547,0.453
0.866,0.811,11,-4.063,0,0.0553,0.375,0.0,0.078,0.969,121.995,audio_features,7JJmb5XwzOO8jgpou264Ml,199440,4,0.842,1.0,0.0,0.305
0.443,0.82,10,-4.091,0,0.34,0.107,0.0,0.107,0.771,82.697,audio_features,3QGsuHI8jO1Rx4JWLUh9jd,187973,4,0.136,1.0,0.164,0.422
0.759,0.548,9,-6.049,0,0.0289,0.0379,0.0,0.0828,0.75,116.963,audio_features,6v3KW9xbzN5yKLt9YKDYA2,190800,4,0.812,1.0,0.443,0.526
0.752,0.754,1,-6.684,1,0.0615,0.0151,0.0,0.0486,0.755,149.789,audio_features,5jsw9uXEGuKyJzs0boZ1bT,206880,4,0.093,1.0,0.195,0.376
0.554,0.662,11,-4.957,0,0.0821,0.126,0.0,0.111,0.338,148.122,audio_features,0AS63m1wHv9n4VVRizK6Hc,208733,4,0.296,1.0,0.472,0.53
0.691,0.823,2,-4.197,1,0.0622,0.489,0.0,0.134,0.87,123.943,audio_features,2bT1PH7Cw3J9p3t7nlXCdh,191467,4,0.55,0.984,0.47,0.556
0.622,0.711,5,-7.321,1,0.0665,0.0573,0.0,0.13,0.487,140.016,audio_features,2QZ7WLBE8h2y1Y5Fb8RYbH,211360,4,0.461,1.0,0.036,0.284
0.442,0.631,1,-5.096,0,0.05,0.136,2.29e-05,0.133,0.129,139.774,audio_features,6ZuahEctZD6w75peme58hm,172693,4,0.335,0.376,0.122,0.344
0.687,0.761,9,-4.582,0,0.0876,0.102,0.0,0.147,0.743,113.939,audio_features,2GyA33q5rti5IxkMQemRDH,223853,4,0.72,1.0,0.417,0.382
0.603,0.691,5,-5.805,1,0.0372,0.0248,0.0,0.583,0.577,147.148,audio_features,0U1W2LZVUX7qTm7dDpqxh6,172267,4,0.794,0.856,0.619,0.341
0.932,0.457,11,-9.62,0,0.0541,0.0173,0.0436,0.0414,0.884,117.002,audio_features,7J1uxwnxfQLu4APicE5Rnj,294227,4,0.983,1.0,0.396,0.658
0.776,0.711,3,-9.03,0,0.0473,0.0242,0.000353,0.234,0.901,138.728,audio_features,3BovdzfaX4jb5KFQwoPfAw,258400,4,0.906,1.0,0.6,0.544
0.808,0.535,1,-12.521,1,0.0353,0.179,9.91e-05,0.158,0.848,114.031,audio_features,7oOOI85fVQvVnK5ynNMdW7,220627,4,0.895,0.861,0.0,0.189
0.853,0.981,8,-3.947,1,0.0751,0.247,0.468,0.306,0.595,118.193,audio_features,5T7ywazdGIydr6JCW6t02j,257760,4,0.96,1.0,0.274,0.451
0.608,0.756,7,-2.675,0,0.176,0.0784,0.0,0.187,0.55,176.086,audio_features,5BKKy9fIJL5uM9fz1SnqyP,245507,4,0.287,0.958,0.257,0.325
0.771,0.687,11,-9.814,1,0.0693,0.0318,0.000225,0.89,0.783,118.392,audio_features,2LlQb7Uoj1kKyGhlkBf9aC,357800,4,0.815,1.0,0.851,0.534
0.877,0.854,1,-4.523,1,0.147,0.0544,5.5e-05,0.144,0.54,114.472,audio_features,76HKOVWqsEg26SECtmw7Rz,298120,4,0.148,1.0,0.371,0.25
0.878,0.821,11,-9.875,1,0.089,0.126,0.0461,0.183,0.947,118.881,audio_features,46eu3SBuFCXWsPT39Yg3tJ,365467,4,0.817,1.0,0.522,0.582
0.894,0.67,11,-9.406,0,0.0474,0.172,0.000363,0.0691,0.961,127.209,audio_features,1CgmY8fVN7kstVDZmsdM5k,239027,4,0.978,0.941,0.467,0.579
0.831,0.921,5,-2.383,0,0.0582,0.153,0.00224,0.305,0.795,108.002,audio_features,4jnFqNWeJCeCRHc4HCdxfd,239227,4,0.936,1.0,0.241,0.472
0.612,0.807,10,-2.81,1,0.0336,0.0495,0.0177,0.101,0.398,124.053,audio_features,2QjOHCTQ1Jl3zawyYOpxh6,240400,4,0.396,0.996,0.141,0.275
0.588,0.521,10,-9.461,1,0.0329,0.0678,0.149,0.123,0.337,85.012,audio_features,5E30LdtzQTGqRvNd7l6kG5,260173,4,0.541,0.997,0.114,0.249
0.575,0.568,9,-5.509,0,0.03,0.0484,0.000417,0.286,0.37,93.986,audio_features,2K7xn816oNHJZ0aVqdQsha,206280,4,0.674,0.991,0.337,0.087
0.551,0.881,7,-6.099,0,0.0542,0.186,0.0791,0.152,0.387,88.036,audio_features,7zwn1eykZtZ5LODrf7c0tS,153000,4,0.363,0.93,0.167,0.449
0.648,0.594,11,-7.027,0,0.0293,0.114,0.0462,0.116,0.544,113.983,audio_features,2xql0pid3EUwW38AsywxhV,244013,4,0.718,1.0,0.89,0.841
0.578,0.386,6,-11.464,1,0.0278,0.208,0.0453,0.307,0.569,154.902,audio_features,7IL8PSVwLOJxqYne6azxQv,234093,4,0.173,1.0,0.594,0.554
0.464,0.701,6,-5.693,0,0.0411,0.00892,0.309,0.335,0.356,83.996,audio_features,7brQHA2CgQpcMBiOlfiXYb,251187,4,0.167,0.817,0.467,0.587
0.581,0.656,4,-4.891,0,0.0294,0.00269,2.78e-06,0.101,0.338,108.033,audio_features,0EfsDEYaSjGYd66Pr881nq,235160,4,0.806,0.738,0.592,0.472
0.245,0.64,2,-7.426,0,0.0608,0.131,8.11e-06,0.0766,0.105,135.739,audio_features,2u0CelO5c81XS7z3dGpHbS,255133,4,0.061,0.921,0.262,0.404
0.589,0.614,0,-7.528,0,0.0426,0.0213,0.165,0.31,0.318,119.837,audio_features,113xf7t4qNM7038YJvauik,245000,4,0.356,0.935,0.54,0.544
0.744,0.766,0,-6.375,1,0.0265,0.0873,0.0,0.509,0.61,127.966,audio_features,2H1047e0oMSj10dgp7p2VG,289133,4,0.897,0.937,0.687,0.576
0.834,0.699,5,-3.222,1,0.178,0.111,0.0,0.131,0.809,94.086,audio_features,0xmjwnQ3FNE6HuWCt2nHdZ,272533,4,0.251,1.0,0.619,0.579
0.798,0.629,11,-6.857,0,0.0735,0.00474,2.29e-05,0.324,0.4,130.002,audio_features,6wOYnPq1hPihRepcDClPUw,284373,4,0.745,0.993,0.657,0.674
0.649,0.931,1,-3.15,0,0.181,0.0093,0.0,0.751,0.744,153.645,audio_features,6btyEL6NwUa97Nex9cZFvo,213067,4,0.517,1.0,0.0,0.0
0.659,0.629,0,-8.685,0,0.18,0.19,0.0,0.105,0.262,94.049,audio_features,3JA9Jsuxr4xgHXEawAdCp4,219427,4,0.186,0.597,0.539,0.672
0.783,0.794,11,-2.231,0,0.12,0.105,0.0,0.304,0.805,104.963,audio_features,4hfIVhq0F0zFUcrbecsYmo,217733,4,0.19,0.995,0.344,0.399
0.732,0.716,10,-6.968,0,0.0561,0.0295,0.000758,0.73,0.666,105.093,audio_features,5NyS3oxTlos3Agl2YtZwrC,214855,4,0.789,1.0,0.367,0.35
0.801,0.682,1,-5.919,0,0.225,0.111,1.56e-05,0.109,0.586,123.95,audio_features,19JdbdEwQI7bCxefMokZO8,326960,4,0.69,1.0,0.0,0.0
0.866,0.857,9,-5.894,1,0.0664,0.13,0.0017,0.13,0.408,130.049,audio_features,3opVsyWVYEAFK9bJAG8Opa,251440,4,0.268,1.0,0.34,0.331
0.831,0.868,11,-5.282,1,0.0325,0.176,0.0,0.184,0.483,131.971,audio_features,0YJW8OXw8G1xDfkzaID3vv,194438,4,0.947,1.0,0.0,0.307
0.69,0.521,10,-8.492,0,0.339,0.324,0.0,0.0534,0.494,100.028,audio_features,68Dni7IE4VyPkTOH9mRWHr,292799,4,0.335,0.877,0.286,0.387
0.475,0.655,11,-7.342,0,0.33,0.0306,0.0,0.375,0.245,163.997,audio_features,7aqfrAY2p9BUSiupwk3svU,247444,4,0.182,1.0,0.118,0.158
0.495,0.722,6,-8.108,0,0.357,0.0697,0.0,0.113,0.539,175.627,audio_features,4tqcoej1zPvwePZCzuAjJd,239267,4,0.261,1.0,0.122,0.201
0.831,0.427,2,-6.903,1,0.106,0.0531,0.0,0.307,0.216,93.004,audio_features,2wAJTrFhCnQyNSD3oUgTZO,235320,4,0.611,1.0,0.229,0.42
0.837,0.364,8,-11.713,1,0.276,0.149,0.0,0.271,0.463,123.984,audio_features,2JvzF1RMd7lE3KmFlsyZD8,213594,4,0.568,0.92,0.28,0.506
0.667,0.608,1,-7.054,1,0.216,0.324,0.000198,0.426,0.475,99.992,audio_features,2uwnP6tZVVmTovzX5ELooy,241160,4,0.23,1.0,0.0,0.185
0.775,0.491,1,-7.395,0,0.297,0.366,0.0,0.117,0.309,139.897,audio_features,5RMTsrJkrtumtiIZjy7dL6,234587,4,0.07,1.0,0.963,1.0
0.807,0.49,1,-8.451,0,0.353,0.177,0.0,0.0937,0.431,113.982,audio_features,2cH8wHImerFokgmhjyhCTU,162027,4,0.571,0.952,0.893,0.791
0.793,0.492,9,-8.583,0,0.0772,0.0527,0.0,0.0646,0.198,86.978,audio_features,1yfKakY4rvI17lk20ekuRA,229187,4,0.066,1.0,0.445,0.528
0.787,0.57,3,-5.881,1,0.225,0.0449,0.0,0.135,0.733,142.974,audio_features,6T7FXSuXykeGktMLGp8WgE,223879,4,0.48,1.0,0.263,0.48
0.915,0.453,10,-4.589,0,0.27,0.0872,0.000163,0.104,0.287,139.943,audio_features,4Na2HfNSr58chvfX69fy36,144000,4,0.932,1.0,0.052,0.299
0.79,0.716,10,-3.446,0,0.0929,0.0297,1.87e-05,0.213,0.627,100.104,audio_features,6XpEm7VJ7TZxZTawH8BCSW,147071,4,0.385,1.0,0.49,0.565
0.847,0.622,1,-6.747,0,0.0903,0.119,0.0,0.285,0.22,130.001,audio_features,4rXLjWdF2ZZpXCVTfWcshS,125040,4,0.605,1.0,0.656,0.624
0.897,0.662,1,-6.903,0,0.292,0.0852,0.0,0.534,0.39,112.509,audio_features,78QR3Wp35dqAhFEc2qAGjE,145543,4,0.647,1.0,0.351,0.548
0.887,0.727,4,-4.318,0,0.135,0.381,1.16e-06,0.213,0.932,130.035,audio_features,6EUcP55GlbmsmCzfL2vxtZ,90760,4,0.946,1.0,0.44,0.537
0.916,0.595,1,-4.418,0,0.0665,0.0507,0.0,0.107,0.638,122.024,audio_features,7fzN9lz890zav0HERLvVKZ,165347,4,0.724,1.0,0.47,0.455
0.926,0.726,5,-4.669,0,0.227,0.282,0.0,0.11,0.69,137.975,audio_features,32TTewBmtmhUmYxS1ajqaJ,127853,4,0.833,1.0,0.555,0.577
0.768,0.723,1,-5.06,1,0.169,0.0167,1.47e-05,0.127,0.211,136.003,audio_features,6LAicOLiCrHw0bmaLBDbC8,148240,4,0.894,1.0,0.438,0.38
0.8,0.658,1,-6.142,0,0.079,0.25,0.0,0.111,0.462,140.042,audio_features,1p0rEzrK7YtdRZVtiyV7RN,195429,4,0.609,1.0,0.799,0.763
0.944,0.58,1,-3.775,0,0.202,0.0164,0.0,0.103,0.378,129.926,audio_features,41TXadM22OIJY04xSW9iuv,147720,4,0.9,1.0,0.927,0.818
0.556,0.864,3,-5.87,0,0.0584,0.00958,0.0,0.209,0.4,105.143,audio_features,60a0Rd6pjrkxjPbaKzXjfq,216880,4,0.717,0.986,0.491,0.34
0.488,0.87,6,-4.185,0,0.0421,0.00353,0.0,0.484,0.211,110.072,audio_features,2nLtzopw4rPReszdYBJU6h,187520,4,0.783,0.789,0.232,0.509
0.492,0.969,9,-4.419,1,0.0491,0.0014,1.32e-06,0.0787,0.538,95.136,audio_features,3K4HG9evC7dg3N0R9cYqk4,157333,4,0.332,1.0,0.725,0.643
0.554,0.98,4,-3.514,1,0.108,0.127,0.0,0.0833,0.611,135.12,audio_features,4Yf5bqU3NK4kNOypcrLYwU,162107,4,0.564,1.0,0.114,0.425
0.627,0.935,5,-4.882,1,0.0324,0.0092,0.0,0.147,0.287,120.092,audio_features,18lR4BzEs7e3qzc0KVkTpU,205227,4,0.834,0.997,0.392,0.422
0.541,0.969,11,-3.439,1,0.0458,0.113,0.0,0.638,0.599,140.119,audio_features,0UFDKFqW2oGspYeYqo9wjA,164427,4,0.781,1.0,0.466,0.278
0.451,0.951,1,-3.754,1,0.0645,0.000386,2.56e-06,0.261,0.441,162.041,audio_features,3agtg0x11wPvLIWkYR39nZ,213933,4,0.375,0.995,0.307,0.428
0.687,0.793,2,-4.254,1,0.166,0.0603,0.0,0.582,0.751,107.045,audio_features,5sNESr6pQfIhL3krM8CtZn,205733,4,0.855,0.974,0.62,0.53
0.58,0.702,4,-5.565,1,0.0337,0.0466,3.2e-06,0.536,0.299,105.076,audio_features,57BrRMwf9LrcmuOsyGilwr,208960,4,0.418,1.0,0.302,0.49
0.524,0.939,9,-3.994,1,0.113,0.00022,0.0,0.623,0.661,150.184,audio_features,1Vej0qeQ3ioKwpI6FUbRv1,184867,4,0.817,0.92,0.356,0.358
0.728,0.563,1,-8.053,0,0.134,0.621,0.0,0.179,0.352,100.017,audio_features,37FXw5QGFN7uwwsLy8uAc0,217707,4,0.215,1.0,0.76,0.746
0.689,0.481,10,-7.503,1,0.0815,0.369,1.03e-06,0.0649,0.283,80.025,audio_features,2JzZzZUQj3Qff7wapcbKjc,229526,4,0.341,0.123,0.224,0.33
0.818,0.707,5,-5.178,0,0.108,0.166,0.0,0.161,0.589,133.059,audio_features,2DXavoWAmIHlrECHPM1Vca,166914,4,0.592,0.952,0.458,0.548
0.775,0.613,3,-4.586,0,0.0542,0.109,2.33e-05,0.134,0.797,100.066,audio_features,5cF0dROlMOK5uNZtivgu50,208787,4,0.442,0.956,0.518,0.482
0.881,0.592,2,-4.898,1,0.0324,0.619,1.32e-05,0.0901,0.719,101.058,audio_features,5Odq8ohlgIbQKMZivbWkEo,154487,4,0.133,1.0,0.496,0.572
0.667,0.613,1,-5.353,1,0.0344,0.403,0.0,0.115,0.47,91.024,audio_features,7soJgKhQTO8hLP2JPRkL5O,194453,4,0.326,1.0,0.676,0.722
0.689,0.627,6,-5.692,1,0.308,0.105,0.000321,0.0905,0.905,184.008,audio_features,1jEBSDN5vYViJQr78W7jr2,187704,4,0.667,0.978,0.594,0.586
0.467,0.469,0,-10.523,0,0.0374,0.443,0.000216,0.0874,0.576,199.752,audio_features,5TTyyKNJZHONhjtAiXL1nG,196752,4,0.226,0.799,0.394,0.537
0.749,0.535,4,-6.785,1,0.0336,0.0131,3.65e-05,0.0982,0.601,123.042,audio_features,0ClPIeT6MSgfSgQ9ZrJbAq,196607,4,0.896,0.615,0.102,0.269
0.795,0.616,1,-5.281,0,0.06,0.417,0.0,0.349,0.815,110.015,audio_features,7rl1z4j7MurMDnn9rHh4M2,190453,4,0.532,1.0,0.009,0.367
0.755,0.522,2,-4.368,1,0.0575,0.533,0.0,0.0685,0.925,89.96,audio_features,0RiRZpuVRbi7oqRdSMwhQY,157560,4,0.298,1.0,0.333,0.516
0.726,0.769,6,-5.043,1,0.123,0.0293,0.0101,0.104,0.733,97.985,audio_features,3B54sVLJ402zGa6Xm4YGNe,233902,4,0.704,1.0,0.195,0.397
0.696,0.663,9,-5.662,1,0.108,0.0273,0.0,0.461,0.423,175.075,audio_features,5hC7h0yWVMkxhLbNXCscBR,174549,4,0.053,1.0,0.261,0.291
0.636,0.537,0,-7.902,1,0.0817,0.481,0.0,0.113,0.199,140.133,audio_features,5rurggqwwudn9clMdcchxT,219453,4,0.582,0.441,0.087,0.352
0.591,0.5,11,-6.206,0,0.0529,0.22,0.0,0.175,0.201,145.819,audio_features,39MK3d3fonIP8Mz9oHCTBB,231747,4,0.391,0.558,1.0,1.0
0.703,0.723,9,-5.45,0,0.0412,0.0302,2.06e-06,0.126,0.288,104.969,audio_features,2LskIZrCeLxRvCiGP8gxlh,198903,4,0.719,1.0,0.684,0.48
0.682,0.764,1,-6.314,1,0.0327,0.000779,0.0089,0.373,0.248,125.018,audio_features,4GL9GMX9t7Qkprvf1YighZ,258843,4,0.348,0.724,0.267,0.308
0.727,0.626,7,-8.415,1,0.0726,0.0469,2.58e-05,0.126,0.322,86.97,audio_features,5f1joOtoMeyppIcJGZQvqJ,191406,4,0.021,1.0,0.691,0.557
0.877,0.477,9,-7.379,0,0.0587,0.307,0.0,0.0929,0.552,127.023,audio_features,7IBSffWIu7P2MC7kMwy2FM,226743,4,0.978,0.703,0.427,0.448
0.572,0.75,1,-5.042,0,0.0604,0.0946,0.0,0.378,0.475,144.081,audio_features,2GjMaJ7DacMIkgoe8oMXGg,182627,4,0.866,0.973,0.16,0.429
0.901,0.589,1,-6.713,0,0.289,0.00302,0.000237,0.0992,0.399,98.002,audio_features,1zsPaEkglFvxjAhrM8yhpr,196600,4,0.499,1.0,0.682,0.657
0.813,0.56,2,-5.904,0,0.0618,0.108,0.0,0.268,0.287,118.033,audio_features,6C1RD7YQVvt3YQj0CmuTeu,286041,4,0.649,1.0,0.194,0.327
0.739,0.821,1,-4.233,1,0.0852,0.222,9.6e-06,0.311,0.693,171.077,audio_features,1m69ELEgE6k5ZWsap40ozt,188080,4,0.891,1.0,0.0,0.019
0.88,0.766,1,-2.906,0,0.0505,0.0881,1.79e-05,0.382,0.594,96.037,audio_features,1S3SAFqLBWk3HaR5UyXp43,210788,4,0.507,1.0,0.605,0.504
0.842,0.796,8,-4.305,0,0.177,0.172,2.03e-05,0.062,0.592,96.037,audio_features,0zbXwU2xTKqS1Vg0pQMs4E,210733,4,0.253,1.0,0.133,0.064
0.785,0.812,3,-3.174,1,0.0644,0.147,0.0,0.107,0.903,162.087,audio_features,3j5zNcb0aSk7dx3W3mAKzw,206103,4,0.602,0.98,0.387,0.577
0.846,0.738,3,-4.537,0,0.0803,0.234,0.0,0.0987,0.949,102.978,audio_features,1S2WWT5jW9J3MauQ7r7qN4,266616,4,0.904,0.998,0.0,0.015
0.773,0.757,1,-4.959,1,0.0526,0.0864,3.73e-06,0.0727,0.858,88.006,audio_features,5u5MvmVtitax9R1Mxh3reC,226520,4,0.0,1.0,0.274,0.456
0.735,0.703,6,-4.249,1,0.0611,0.2,0.0,0.259,0.323,120.007,audio_features,5EId1m4DNwTf3at31w8bPJ,233827,4,0.637,1.0,0.36,0.489
0.849,0.695,0,-4.691,0,0.0387,0.348,1.59e-06,0.156,0.827,132.022,audio_features,2dfH1gA3FZDv9L69Dqy9RY,161633,4,0.815,1.0,0.461,0.538
0.801,0.806,11,-5.206,1,0.0381,0.382,0.000669,0.114,0.802,106.999,audio_features,1s7oOCT8vauUh01PbJD6ps,239318,4,0.492,1.0,0.593,0.597
0.516,0.342,4,-8.985,1,0.0425,0.55,0.0,0.21,0.0993,102.819,audio_features,4l0Mvzj72xxOpRrp6h8nHi,206459,4,0.149,0.891,0.632,0.547
0.64,0.533,0,-6.596,1,0.0706,0.119,0.0,0.0864,0.515,99.968,audio_features,12GEpg2XOPyqk03JZEZnJs,220781,4,0.27,1.0,0.604,0.638
0.725,0.804,11,-4.614,0,0.0422,0.124,0.0,0.204,0.31,124.996,audio_features,0tBbt8CrmxbjRP0pueQkyU,197993,4,0.718,1.0,0.542,0.619
0.61,0.571,2,-5.649,1,0.0782,0.00863,0.0,0.131,0.747,105.01,audio_features,6iF4RgIjDvDqyW13PezSj3,171655,4,0.755,0.963,0.657,0.701
0.695,0.62,8,-8.082,0,0.0521,0.0881,5.43e-05,0.111,0.619,150.032,audio_features,63mdJr3NMY3wReOkNE6c6W,194900,4,0.08,1.0,0.658,0.463
0.6,0.725,6,-4.866,1,0.0487,0.0933,1.87e-06,0.12,0.506,102.056,audio_features,4hQ6UGyWQIGJmHSo0J88JW,207905,4,0.851,0.997,0.219,0.408
0.751,0.519,0,-6.265,1,0.0372,0.202,1.15e-06,0.08,0.534,116.023,audio_features,2fB5YRuD88drKpCXQOAk03,181650,4,0.806,0.96,0.551,0.717
0.708,0.618,2,-4.424,1,0.0592,0.0204,6.81e-06,0.062,0.265,123.013,audio_features,4lnAN2S1fcI0SjxEbksZVr,186113,4,0.573,0.989,0.657,0.463
0.672,0.593,11,-4.01,0,0.0304,0.0223,0.0,0.214,0.438,98.02,audio_features,1BZG99C7Co1r6QUC3zaS59,229080,4,0.774,1.0,0.799,0.772
0.746,0.251,11,-16.169,0,0.259,0.782,0.00203,0.106,0.18,139.999,audio_features,5TXDeTFVRVY7Cvt0Dw4vWW,120027,4,0.376,1.0,0.759,0.573
0.797,0.533,0,-9.74,0,0.0412,0.0172,0.000152,0.103,0.329,131.036,audio_features,7AQim7LbvFVZJE3O8TYgf2,146520,4,0.75,1.0,0.726,0.727
0.592,0.457,9,-6.081,0,0.0603,0.661,0.000331,0.146,0.225,146.04,audio_features,2ZRo7axmMPeSVUvDbGkJah,110886,4,0.117,0.969,0.267,0.397
0.921,0.537,9,-5.723,0,0.0804,0.556,0.00404,0.102,0.711,128.009,audio_features,0JP9xo3adEtGSdUEISiszL,135090,4,0.684,1.0,0.425,0.5
0.734,0.57,7,-7.066,0,0.133,0.847,2.14e-05,0.112,0.689,129.953,audio_features,3GVkPk8mqxz0itaAriG1L7,95467,4,0.686,1.0,0.551,0.611
0.669,0.574,4,-6.442,0,0.0286,0.0175,0.00294,0.146,0.273,120.013,audio_features,4jvjzW7Hm0yK4LvvE0Paz9,196400,4,0.722,1.0,0.599,0.575
0.872,0.391,0,-9.144,0,0.242,0.469,4.13e-06,0.297,0.437,134.021,audio_features,7m9OqQk4RVRkw9JJdeAw96,119133,4,0.462,1.0,0.38,0.101
0.763,0.726,1,-6.405,1,0.282,0.259,0.0,0.0976,0.349,139.059,audio_features,7floNISpH8VF4z4459Qo18,126346,4,0.172,1.0,0.398,0.423
0.74,0.613,8,-4.88,1,0.145,0.258,0.00372,0.123,0.473,75.023,audio_features,3ee8Jmje8o58CHK66QrVC2,166606,4,0.023,1.0,0.374,0.419
0.433,0.778,4,-7.681,1,0.041,0.843,0.0,0.139,0.764,114.208,audio_features,5de9Ho64dovuQI8Uhn5gPD,87561,4,0.688,1.0,0.432,0.415
0.594,0.811,1,-5.746,1,0.159,0.189,0.0,0.339,0.311,148.144,audio_features,3w0w2T288dec0mgeZZqoNN,264324,4,0.272,1.0,0.835,0.682
0.6,0.885,11,-6.21,0,0.393,0.0157,6.02e-06,0.856,0.736,105.003,audio_features,04CyMEHliadfQWMUJb1w99,111458,4,0.824,1.0,0.337,0.455
0.774,0.818,4,-2.825,0,0.145,0.127,0.0,0.0529,0.438,142.084,audio_features,5tEaVciE2GnR28aN6W9cLS,209577,4,0.751,1.0,0.608,0.389
0.805,0.33,1,-8.712,0,0.1,0.22,0.0,0.105,0.211,121.97,audio_features,7t2bFihaDvhIrd2gn2CWJO,242983,4,0.382,1.0,0.362,0.376
0.61,0.725,8,-5.131,1,0.15,0.367,0.0,0.154,0.291,146.163,audio_features,6ZRuF2n1CQxyxxAAWsKJOy,201788,4,0.334,1.0,0.428,0.545
0.493,0.653,0,-5.666,0,0.0466,0.269,0.0,0.511,0.852,142.347,audio_features,5B0kgjHULYJhAQkK5XsMoC,121573,4,0.208,1.0,0.06,0.029
0.809,0.788,1,-7.217,1,0.0889,0.00108,0.0,0.0625,0.344,95.637,audio_features,1icgLGTpX2fQXKRe4D7w2b,295472,4,0.638,0.996,0.429,0.559
0.831,0.69,1,-5.869,1,0.0831,0.19,0.0,0.08,0.65,107.016,audio_features,2iGvsJuc2mC4mDVOVMNAP6,225000,4,0.737,1.0,0.448,0.496
0.689,0.789,1,-4.901,1,0.122,0.154,0.0,0.203,0.745,98.043,audio_features,58w5J5yNWeGZ7a4cM1rO7Y,216409,4,0.766,1.0,0.544,0.411
0.586,0.572,0,-8.27,0,0.0437,0.271,0.104,0.118,0.29,125.955,audio_features,347AQK5Lyhn6RvB8tBGYxt,115238,4,0.682,1.0,0.657,0.689
0.428,0.413,0,-7.783,1,0.0281,0.827,9.35e-06,0.108,0.355,79.646,audio_features,5zCnGtCl5Ac5zlFHXaZmhy,170045,4,0.277,0.981,0.607,0.668
0.273,0.405,0,-5.81,1,0.0298,0.735,0.0,0.189,0.534,89.48,audio_features,3yHyiUDJdz02FZ6jfUbsmY,271169,3,0.192,0.37,0.467,0.612
0.664,0.553,9,-7.555,1,0.0376,0.616,0.0,0.157,0.604,99.93,audio_features,1tf2iody5iRLYYPDSBpzRc,213600,4,0.353,1.0,0.489,0.505
0.575,0.845,0,-5.28,1,0.0852,0.393,0.0107,0.131,0.439,95.047,audio_features,3xMHXmedL5Rvfxmiar9Ryv,200374,4,0.367,1.0,0.477,0.575
0.616,0.669,1,-6.836,1,0.0349,0.562,0.0,0.177,0.475,116.973,audio_features,6bmmHeCvZI92pRiTHxEdTC,233453,4,0.892,0.9,0.733,0.691
0.728,0.494,6,-9.628,0,0.0256,0.516,0.00384,0.0759,0.558,105.007,audio_features,5PUXKVVVQ74C3gl5vKy9Li,194857,4,0.569,1.0,0.161,0.654
0.586,0.562,9,-7.399,1,0.0267,0.803,5.52e-06,0.063,0.436,93.982,audio_features,1hA697u7e1jX2XM8sWA6Uy,261702,4,0.404,1.0,0.461,0.526
0.468,0.658,2,-7.6,1,0.0667,0.81,0.0333,0.12,0.533,87.607,audio_features,2e4vEkdm8h8mNnGHSBfTMT,246989,4,0.146,1.0,0.495,0.544
0.271,0.726,7,-6.504,1,0.0527,0.586,0.0,0.353,0.532,87.424,audio_features,13O0A6hqW8oHtQPr2I1vvd,277500,4,0.729,0.96,0.609,0.722
0.577,0.574,0,-6.525,1,0.0278,0.572,0.0,0.1,0.436,94.009,audio_features,4UMIv5jd9gK98a39BQRD9X,268165,4,0.637,0.802,1.0,0.809
0.967,0.583,7,-5.562,0,0.0789,0.0584,0.0,0.0519,0.964,117.0,audio_features,0O45fw2L5vsWpdsOdXwNAR,242733,4,0.688,1.0,0.376,0.428
0.669,0.832,0,-5.721,1,0.0682,0.0106,0.0,0.0968,0.7,113.035,audio_features,1WkMMavIMc4JZ8cfMmxHkI,237547,4,0.891,1.0,0.092,0.376
0.892,0.714,4,-6.055,0,0.141,0.201,0.000234,0.0521,0.817,100.972,audio_features,1AWQoqb9bSvzTjaLralEkT,267267,4,0.923,1.0,0.419,0.398
0.574,0.512,5,-6.664,0,0.0503,0.234,0.0,0.0946,0.512,76.899,audio_features,4rHZZAmHpZrA3iH5zx8frV,484147,4,0.217,0.831,0.0,0.252
0.678,0.565,1,-6.798,1,0.0372,0.0785,0.0242,0.0871,0.42,87.974,audio_features,64WL36LvfiLGQJIDqLPAwB,229333,4,0.069,1.0,0.547,0.624
0.771,0.68,11,-5.881,0,0.224,0.277,1.18e-05,0.682,0.808,119.952,audio_features,4NeOWqHmlrGRuBvsLJC9rL,276160,4,0.567,1.0,0.255,0.367
0.624,0.654,8,-6.582,0,0.183,0.577,0.0,0.104,0.564,73.898,audio_features,7Lf7oSEVdzZqTA0kEDSlS5,288333,4,0.29,0.956,0.562,0.49
0.687,0.723,7,-4.751,1,0.0709,0.122,0.00102,0.573,0.432,76.0,audio_features,3pD0f7hSJg2XdQ6udw5Tey,448573,4,0.605,0.96,0.25,0.398
0.579,0.556,4,-6.277,0,0.0511,0.0214,0.0,0.0904,0.558,116.943,audio_features,1bHnRc60O1N0l3PbHjaKyK,216667,4,0.695,0.973,0.193,0.315
0.775,0.719,7,-6.212,0,0.0435,0.132,1.79e-06,0.0662,0.712,117.513,audio_features,48td6xvpokdYwvbl3JIiXP,246027,4,0.917,1.0,0.298,0.201
0.561,0.604,9,-4.409,1,0.0337,0.199,1.9e-05,0.104,0.242,159.92,audio_features,17phhZDn6oGtzMe56NuWvj,210689,3,0.011,0.979,0.017,0.259
0.731,0.861,8,-5.483,0,0.0532,0.0193,0.0,0.123,0.759,127.922,audio_features,3dj4wgM3cPeuLwMNHDuBon,212649,4,1.0,1.0,0.111,0.221
0.619,0.61,6,-5.552,0,0.0298,0.0508,0.0,0.0658,0.6,107.941,audio_features,0IdwfnHFfyb7zc7GFs75QQ,192317,4,0.791,1.0,0.565,0.564
0.352,0.666,1,-4.909,1,0.0512,0.117,1.81e-06,0.0934,0.227,169.965,audio_features,6cLrGfKIIRHYQw7S0mCDhA,244235,4,0.043,1.0,0.519,0.722
0.646,0.222,0,-7.849,1,0.0341,0.853,0.0,0.113,0.559,127.716,audio_features,3sXWFs0hku4tR5cy54PnRz,242317,5,0.105,0.227,0.754,0.711
0.667,0.728,2,-5.026,1,0.0498,0.0135,0.0,0.083,0.234,93.015,audio_features,3YeBXUEWIjCtcsv0tULpz8,175081,4,0.545,0.709,0.637,0.54
0.546,0.44,1,-6.668,1,0.0273,0.531,2.77e-05,0.0959,0.24,133.886,audio_features,4guQztGKAETkvuTekNeqBe,196413,4,0.425,0.892,0.945,0.769
0.848,0.591,11,-5.075,1,0.112,0.0801,0.0,0.144,0.522,98.934,audio_features,5Ra3wJLBQKxJiYEpWe3Pjf,166891,4,0.471,1.0,0.395,0.359
0.663,0.822,0,-4.124,1,0.102,0.0115,0.0,0.303,0.663,99.938,audio_features,1MmNMaPzI1uZQS20RV88AT,141142,4,0.327,1.0,0.369,0.41
0.669,0.577,0,-4.573,1,0.046,0.348,0.0,0.155,0.307,87.899,audio_features,0mHk41X0RRc6pqrcq1gQAr,213284,4,0.19,0.997,0.397,0.556
0.646,0.823,2,-4.123,0,0.0394,0.213,0.0,0.322,0.418,128.035,audio_features,7MmG8p0F9N3C4AXdK6o6Eb,227267,4,0.84,0.669,0.885,0.838
0.636,0.869,9,-5.289,1,0.0412,0.0378,0.0446,0.0808,0.306,143.011,audio_features,5eTaQYBE1yrActixMAeLcZ,186496,4,0.714,0.958,0.438,0.411
0.262,0.606,8,-6.646,1,0.0484,0.247,0.0,0.125,0.275,189.857,audio_features,3zHq9ouUJQFQRf3cm1rRLu,252534,4,0.084,0.772,0.127,0.329
0.287,0.597,5,-6.641,0,0.0419,0.273,0.0,0.105,0.31,189.788,audio_features,4Wui4miiL1JR3QqWcbcKwD,253520,4,0.085,0.996,0.373,0.603
0.313,0.76,10,-5.049,0,0.0616,0.3,0.0,0.105,0.343,86.735,audio_features,5lF0pHbsJ0QqyIrLweHJPW,231213,4,0.029,1.0,0.222,0.376
0.64,0.789,8,-4.891,1,0.0644,0.0875,0.0,0.147,0.762,75.018,audio_features,15og0pCEcTFWEXOFKdcJlU,188067,4,0.213,1.0,0.257,0.387
0.618,0.863,0,-4.049,0,0.0409,0.0788,0.0,0.134,0.726,123.041,audio_features,5Hp4xFihdOE2dmDzxWcBFb,171747,4,0.746,0.958,0.643,0.96
0.695,0.869,8,-5.066,1,0.0483,0.41,0.0,0.237,0.58,124.989,audio_features,05SBRd4fXgn8FX7bf8BCAE,234507,4,0.749,1.0,0.491,0.528
0.509,0.299,0,-9.26,1,0.0321,0.289,0.00109,0.117,0.174,125.754,audio_features,3X003bO0MMxXEsJJxidiig,154440,5,0.122,0.511,1.0,0.858
0.703,0.731,8,-6.283,0,0.0311,0.0721,0.00191,0.138,0.719,120.028,audio_features,11ozIUBoXAgRTVWelDn4pL,244267,4,0.752,0.992,0.507,0.49
0.894,0.791,2,-4.699,1,0.112,0.0183,0.0,0.0388,0.583,105.018,audio_features,5rb9QrpfcKFHM1EUbSIurX,250373,4,0.285,1.0,0.739,0.501
0.663,0.861,7,-3.398,0,0.109,0.0338,0.0,0.082,0.654,119.963,audio_features,4356Typ82hUiFAynbLYbPn,220800,4,0.69,1.0,0.577,0.551
0.662,0.507,5,-8.238,1,0.118,0.257,0.0,0.0465,0.676,86.412,audio_features,68vgtRHr7iZHpzGpon6Jlo,223440,4,0.126,1.0,0.475,0.375
0.59,0.698,11,-4.262,1,0.0286,0.000176,0.0,0.107,0.352,95.975,audio_features,030OCtLMrljNhp8OWHBWW3,224093,4,0.005,0.994,0.501,0.519
0.573,0.712,0,-5.976,1,0.0732,0.0572,0.0,0.167,0.346,140.012,audio_features,5j0McHPthKpOXRr3fBq8M0,259720,4,0.059,0.87,0.544,0.561
0.781,0.745,4,-5.81,0,0.0332,0.198,1.14e-05,0.36,0.326,129.998,audio_features,1bM50INir8voAkVoKuvEUI,269493,4,0.489,1.0,0.234,0.28
0.661,0.823,9,-4.329,0,0.127,0.0536,0.0,0.369,0.761,105.993,audio_features,0VPFT123HKoQ2J6ipeDcI1,214760,4,0.881,0.992,0.317,0.363
0.816,0.5,1,-4.551,1,0.03,0.0227,1.53e-06,0.0733,0.649,124.037,audio_features,7J41dYQolQJEtj3UmKLu5r,247840,4,0.626,1.0,0.162,0.509
0.796,0.477,1,-7.161,1,0.108,0.314,0.0,0.12,0.685,119.928,audio_features,7z3N2W7Xz1t2G2sAO8wFVH,231933,4,0.183,0.958,0.399,0.589
0.657,0.629,6,-4.938,1,0.0782,0.194,0.0,0.254,0.726,93.985,audio_features,2QsZVnbWVSjKMXK6K3uRBL,266893,4,0.742,1.0,0.043,0.235
0.532,0.783,2,-5.697,1,0.0523,0.0038,0.0012,0.161,0.643,124.08,audio_features,0nrRP2bk19rLc0orkWPQk2,247427,4,0.805,0.81,0.375,0.556
0.527,0.835,6,-5.298,1,0.0433,0.0166,0.0,0.249,0.654,125.983,audio_features,0ct6r3EGTcMLPtrXHDvVjc,176658,4,0.735,0.67,0.583,0.619
0.579,0.736,6,-3.863,0,0.0527,0.31,0.0,0.198,0.613,127.999,audio_features,2P4OICZRVAQcYAV2JReRfj,230613,4,0.718,0.987,0.55,0.707
0.584,0.889,1,-5.941,0,0.0343,0.0462,0.828,0.309,0.464,126.04,audio_features,5UqCQaDshqbIk3pkhy4Pjg,199907,4,0.921,0.774,0.206,0.433
0.662,0.858,2,-4.844,1,0.0428,0.00163,0.0,0.0456,0.295,133.993,audio_features,6Pgkp4qUoTmJIPn7ReaGxL,181673,4,0.726,1.0,0.494,0.651
0.545,0.78,7,-4.867,0,0.0436,0.0309,4.64e-05,0.0828,0.458,125.014,audio_features,4lhqb6JvbHId48OUJGwymk,255093,4,0.763,0.984,0.679,0.863
0.569,0.785,1,-4.057,0,0.0457,0.0505,1.12e-06,0.086,0.303,128.031,audio_features,4eDYMhIin1pSLIG96f1aD0,148387,4,0.617,1.0,0.236,0.335
0.509,0.79,6,-3.782,0,0.0374,0.332,6.67e-05,0.316,0.638,127.946,audio_features,591nHHHzZl1NLt9PMKpinM,208320,4,0.901,1.0,0.289,0.591
0.802,0.645,5,-6.181,0,0.0715,0.272,0.0,0.119,0.376,100.001,audio_features,2x0RZdkZcD8QRI53XT4GI5,157202,4,0.166,0.98,0.347,0.493
0.655,0.666,5,-5.309,1,0.0612,0.134,2.12e-05,0.0683,0.272,102.977,audio_features,75NhhYjHO43mvZgYtnXgti,181812,4,0.526,1.0,0.121,0.201
0.854,0.674,1,-6.23,1,0.184,0.0517,8.53e-05,0.509,0.848,99.022,audio_features,6WzRpISELf3YglGAh7TXcG,215467,4,0.778,1.0,0.423,0.506
0.649,0.647,9,-7.695,0,0.0452,0.0039,0.161,0.0686,0.405,125.02,audio_features,3850dYVgOFIXJh5U4BFEWH,337733,4,0.865,0.911,0.693,0.528
0.724,0.822,1,-4.374,0,0.0333,0.304,1.38e-05,0.0553,0.964,99.9,audio_features,6r8k1vznHrzlEKYxL4dZEe,242733,4,0.938,0.889,0.454,0.474
0.741,0.892,0,-2.567,1,0.031,0.166,0.00189,0.0783,0.979,136.403,audio_features,4tcauy2xyIv1q0ckvQmc4H,242337,4,0.979,1.0,0.751,0.689
0.625,0.842,5,-5.285,1,0.0376,0.264,2.12e-05,0.181,0.26,111.038,audio_features,1z3ugFmUKoCzGsI6jdY4Ci,342680,4,0.809,0.973,0.157,0.24
0.753,0.931,2,-4.922,1,0.0653,0.00994,0.00696,0.234,0.767,113.026,audio_features,1oHClQEgDmmbcEx12Kc5nZ,189693,4,0.946,0.977,0.003,0.139
0.771,0.655,3,-10.842,0,0.0372,0.152,0.00197,0.0685,0.97,119.747,audio_features,1ZPlNanZsJSPK5h9YZZFbZ,218627,4,0.826,0.741,0.55,0.626
0.747,0.84,3,-7.701,0,0.0421,0.00348,0.00656,0.44,0.305,115.997,audio_features,7j5TIXPi0cCbSSqItmbyZy,317080,4,0.871,0.973,0.0,0.0
0.672,0.548,9,-11.93,1,0.029,0.166,0.0,0.102,0.587,95.013,audio_features,6G7PVlifniapyhDCmWS2VM,225627,4,0.11,1.0,0.283,0.314
0.706,0.633,1,-9.584,1,0.0419,0.267,0.0192,0.175,0.375,110.005,audio_features,6lknMmJZALXxx7emwwZWLX,120157,4,0.667,0.919,0.026,0.406
0.671,0.939,8,-3.206,1,0.161,0.191,0.0,0.298,0.53,129.024,audio_features,4QNpBfC0zvjKqPJcyqBy9W,252307,4,0.783,1.0,0.099,0.286
0.721,0.802,1,-5.797,1,0.0583,0.0921,0.0,0.694,0.724,124.022,audio_features,2bJvI42r8EF3wxjOuDav4r,229360,4,0.695,1.0,0.0,0.194
0.452,0.574,6,-8.336,1,0.311,0.245,0.0,0.189,0.578,92.795,audio_features,6brl7bwOHmGFkNw3MBqssT,207187,4,0.162,1.0,0.845,0.631
0.673,0.681,1,-5.693,1,0.118,0.52,0.0,0.235,0.707,171.864,audio_features,34ceTg8ChN5HjrqiIYCn9Q,232000,4,0.459,1.0,0.457,0.539
0.81,0.538,0,-5.783,0,0.0357,0.53,0.0,0.0951,0.832,109.97,audio_features,6CFPFnS9EcLs2I0nWqtWci,266840,4,0.826,0.907,0.428,0.644
0.711,0.754,4,-6.461,0,0.0763,0.028,2.96e-05,0.152,0.59,126.05,audio_features,2XbfY2O2v3xwedUJ0J2kkr,234360,4,0.826,0.977,0.627,0.597
0.705,0.572,8,-5.799,0,0.0326,0.0262,0.0,0.585,0.574,139.977,audio_features,7seTcUFOhn5caSDbiSfsp0,214726,4,0.395,0.973,0.798,0.665
0.693,0.513,8,-6.447,1,0.0415,0.296,0.00013,0.0604,0.49,94.021,audio_features,10aWGOqSDBqvNzJ9NeKDbK,220853,4,0.636,1.0,0.473,0.553
0.727,0.65,0,-5.357,1,0.0337,0.662,0.0,0.111,0.668,129.993,audio_features,6Hn9Uc1mMNfqChXU3txNke,254533,4,0.588,1.0,0.593,0.56
0.657,0.676,5,-6.633,1,0.0393,0.245,0.0,0.368,0.246,124.904,audio_features,4kte3OcW800TPvOVgrLLj8,251627,4,0.526,0.959,0.67,0.488
0.574,0.913,6,-4.793,0,0.133,0.061,0.00158,0.156,0.423,115.728,audio_features,2zYzyRzz6pRmhPzyfMEC8s,208400,4,0.686,1.0,0.379,0.475
0.502,0.89,4,-5.175,1,0.0364,0.000147,0.0117,0.217,0.259,133.52,audio_features,57bgtoPSgt236HzfBOd8kj,292880,4,0.768,0.995,0.825,0.676
0.532,0.767,7,-5.509,1,0.0574,0.00287,0.000513,0.39,0.755,127.361,audio_features,2SiXAy7TuUkycRVbbWDEpo,210173,4,0.714,1.0,0.856,0.761
0.31,0.7,9,-5.678,1,0.047,0.011,0.00965,0.0828,0.763,188.386,audio_features,08mG3Y1vljYA6bvDt4Wqkj,255493,4,0.0,1.0,0.868,0.521
0.754,0.759,9,-5.218,1,0.302,0.153,0.000108,0.101,0.435,126.366,audio_features,7LRMbd3LEoV5wZJvXT1Lwb,214667,4,0.796,1.0,0.105,0.196
0.389,0.873,4,-4.768,0,0.0475,0.00532,0.0055,0.273,0.303,106.767,audio_features,69QHm3pustz01CJRwdo20z,312293,4,0.215,0.913,0.709,0.59
0.457,0.904,2,-5.303,1,0.0747,0.000239,0.0879,0.396,0.48,141.038,audio_features,0C80GCp0mMuBzLf3EAXqxv,317427,4,0.743,1.0,0.73,0.654
0.668,0.906,11,-4.881,0,0.17,0.214,0.00245,0.135,0.507,135.653,audio_features,2d4e45fmUnguxh6yqC7gNT,231933,4,0.915,1.0,0.84,0.548
0.456,0.863,3,-3.551,1,0.0894,0.133,0.0538,0.0553,0.532,135.962,audio_features,7nemcVsXVFZF01iqpIIo2Y,301227,4,0.704,0.998,0.593,0.434
0.547,0.931,2,-2.356,1,0.0615,0.000998,0.0118,0.278,0.697,118.4,audio_features,4feXJ5IC3avXsVW9WNFSag,261507,4,0.822,1.0,1.0,0.408
0.58,0.777,3,-5.69,1,0.0655,0.104,0.0,0.342,0.589,108.005,audio_features,0LMwmV37RCmBO2so0szAFs,178273,4,0.637,1.0,0.0,0.234
0.754,0.763,7,-4.627,0,0.0435,0.0301,2.23e-05,0.0901,0.464,117.953,audio_features,3j11iDncb7ZeDMw7lFucqM,164819,4,0.844,1.0,0.644,0.605
0.72,0.706,1,-4.719,1,0.0473,0.0684,0.0,0.166,0.62,133.002,audio_features,7DnAm9FOTWE3cUvso43HhI,187436,4,0.863,1.0,0.88,0.854
0.637,0.69,1,-4.057,0,0.0405,0.00786,0.0,0.124,0.457,129.857,audio_features,7a53HqqArd4b9NF4XAmlbI,162399,4,0.751,0.962,0.403,0.504
0.673,0.659,3,-4.493,0,0.0439,0.539,0.0,0.129,0.628,88.011,audio_features,28VbwtsYnj85UEODGpQRem,179053,4,0.157,1.0,0.375,0.446
0.719,0.959,9,-5.29,0,0.125,0.341,0.0,0.255,0.522,126.031,audio_features,00E0Z2jrF7reoHps4zcbWQ,147212,4,0.964,1.0,0.666,0.546
0.614,0.934,9,-3.709,0,0.07,0.0697,0.0,0.121,0.436,116.001,audio_features,1KixkQVDUHggZMU9dUobgm,174760,4,0.912,0.994,0.218,0.149
0.691,0.856,11,-3.899,1,0.0383,0.0174,4.76e-05,0.111,0.638,117.081,audio_features,377uEWjxVKksQDlwDqaIfx,156155,4,0.765,1.0,0.346,0.438
0.681,0.657,6,-4.671,1,0.0432,0.0748,0.0,0.353,0.628,130.089,audio_features,2Xnv3GntqbBH1juvUYSpHG,183027,4,0.757,1.0,0.669,0.589
0.504,0.788,3,-4.113,0,0.214,0.0132,0.0,0.363,0.228,169.907,audio_features,0b11D9D0hMOYCIMN3OKreM,186022,4,0.049,0.996,0.293,0.333
0.774,0.838,5,-3.914,0,0.114,0.0249,0.025,0.242,0.924,143.04,audio_features,6I9VzXrHxO9rA9A5euc8Ak,198800,4,0.728,1.0,0.608,0.519
0.759,0.699,0,-5.745,0,0.0307,0.202,0.000131,0.443,0.907,92.96,audio_features,3MjUtNVVq3C8Fn0MP3zhXa,211067,4,0.496,1.0,0.448,0.588
0.788,0.844,2,-3.131,1,0.0334,0.25,0.000678,0.0723,0.382,113.324,audio_features,6ic8OlLUNEATToEFU3xmaH,251240,4,0.92,1.0,0.318,0.334
0.751,0.834,1,-5.444,0,0.0437,0.3,1.77e-05,0.355,0.894,95.053,audio_features,6naxalmIoLFWR0siv8dnQQ,211160,4,0.788,1.0,0.333,0.562
0.724,0.695,11,-5.226,1,0.0622,0.073,0.0,0.0889,0.235,139.0,audio_features,4fixebDZAVToLbUCuEloa2,224400,4,0.653,1.0,0.369,0.294
0.667,0.75,0,-4.602,1,0.0906,0.0746,0.000198,0.197,0.486,126.041,audio_features,3lFwSDBCNo3CcN09UppUnm,202246,4,0.826,1.0,0.731,0.624
0.791,0.733,6,-5.215,0,0.052,0.147,0.000381,0.0713,0.761,114.98,audio_features,7jk7gqyEonmVVYahZN5zhW,192360,4,0.87,1.0,0.591,0.634
0.696,0.734,7,-5.294,1,0.0298,0.0485,0.0,0.183,0.711,107.987,audio_features,6T689Jvh5KrSXyaPtUWZtQ,225080,4,0.932,1.0,0.0,0.17
0.717,0.587,4,-7.296,0,0.0339,0.0192,0.0,0.0523,0.544,129.954,audio_features,2hdy9Wt9qp7M7d0U3ossu2,216520,4,0.643,1.0,0.297,0.35
0.847,0.843,5,-3.579,0,0.106,0.415,0.000134,0.107,0.963,110.027,audio_features,6ldwfK0yWgTAlmIfuQkTYN,203600,4,0.837,1.0,0.026,0.16
0.358,0.557,10,-7.398,1,0.059,0.695,0.0,0.0902,0.494,85.043,audio_features,5uCax9HTNlzGybIStD3vDh,211467,4,0.094,0.384,0.186,0.349
0.338,0.562,9,-7.181,1,0.029,0.039,0.0,0.107,0.259,149.907,audio_features,0otRX6Z89qKkHkQ9OqJpKt,248373,4,0.313,0.92,0.522,0.579
0.67,0.743,10,-4.993,1,0.0393,0.237,0.0,0.465,0.571,125.944,audio_features,6mQLN3zRtAp6ovjusyYKrV,218293,4,0.952,0.977,0.586,0.42
0.696,0.543,11,-6.164,1,0.0489,0.308,0.0,0.0939,0.479,107.969,audio_features,0VhgEqMTNZwYL1ARDLLNCX,246880,4,0.505,0.983,0.655,0.689
0.311,0.485,6,-5.726,0,0.0365,0.701,0.0,0.0726,0.225,77.355,audio_features,55Am8neGJkdj2ADaM3aw5H,208827,4,0.126,1.0,0.625,0.604
0.376,0.695,0,-4.782,0,0.0933,0.135,0.0,0.11,0.302,169.533,audio_features,5yVIlYEHZxQVLyInCdldoS,209440,4,0.134,1.0,0.389,0.552
0.529,0.472,2,-6.323,1,0.0333,0.398,0.0,0.0853,0.269,138.935,audio_features,5h5CQwgjgQrBUacsqR2zR7,254317,3,0.576,1.0,0.5,0.596
0.212,0.628,0,-6.628,1,0.032,0.0721,0.0,0.196,0.467,89.819,audio_features,6OmKbLCskNWi1IcfpZbeJc,206967,4,0.065,0.739,0.6,0.679
0.525,0.61,6,-6.793,1,0.0404,0.084,0.0,0.0572,0.293,101.875,audio_features,2fmyrECK6bdfoGven0UMZx,233400,4,0.252,1.0,0.318,0.536
0.508,0.465,8,-8.809,1,0.0461,0.584,0.0,0.121,0.269,120.057,audio_features,71BrY73Q1m74SPtRvxr1np,170841,4,0.605,0.973,0.276,0.535
0.721,0.707,6,-6.364,1,0.0595,0.181,3.68e-06,0.143,0.743,125.005,audio_features,2aPTvyE09vUCRwVvj0I8WK,158206,4,0.836,0.961,0.65,0.529
0.47,0.652,2,-9.629,1,0.0561,0.0831,4.08e-05,0.175,0.104,141.981,audio_features,3ZaEs1O8BG581qYPHpQ8d6,190286,4,0.313,0.879,0.052,0.456
0.854,0.569,5,-8.151,0,0.106,0.0609,0.0816,0.1,0.294,80.015,audio_features,7ycWLEP1GsNjVvcjawXz3z,205040,4,0.614,1.0,0.379,0.411
0.394,0.661,4,-8.684,1,0.192,0.00996,0.0,0.343,0.335,149.818,audio_features,2N3U8uTYhjX2KwGT0pf5x0,260987,4,0.109,0.702,0.0,0.258
0.6,0.537,9,-7.777,0,0.0362,0.0468,0.0038,0.206,0.126,90.061,audio_features,6Ec5LeRzkisa5KJtwLfOoW,256027,4,0.075,1.0,0.705,0.572
0.801,0.819,11,-5.189,1,0.158,0.292,0.0,0.515,0.811,139.969,audio_features,0O3TAouZE4vL9dM5SyxgvH,236280,4,0.665,1.0,0.584,0.595
0.853,0.693,1,-6.87,1,0.275,0.0239,0.0,0.11,0.662,95.967,audio_features,4X5f3vT8MRuXF68pfjNte5,233787,4,0.261,1.0,0.623,0.334
0.78,0.719,8,-4.167,0,0.347,0.0396,0.0,0.43,0.384,137.18,audio_features,0cGn4vxyoBftN61XUv2aQk,213853,4,0.519,0.992,0.153,0.219
0.597,0.427,5,-6.764,0,0.0536,0.18,1.33e-05,0.121,0.0997,120.085,audio_features,787rCZF9i4L1cXGMkdyIk4,220133,4,0.437,1.0,0.53,0.506
0.284,0.803,2,-5.293,0,0.173,0.302,0.0,0.242,0.553,67.536,audio_features,2gAGWaK4wvt2xrFUlR4mK8,323960,4,0.047,0.788,0.576,0.643
0.791,0.499,8,-8.472,0,0.0509,0.446,2.41e-05,0.0899,0.669,99.986,audio_features,6XjDF6nds4DE2BBbagZol6,222000,4,0.791,1.0,0.492,0.499
0.696,0.496,9,-7.532,0,0.0365,0.273,0.000397,0.0626,0.476,100.025,audio_features,4yyCGGdTVaYG17vhsrUPoL,184806,4,0.5,1.0,0.648,0.501
0.866,0.482,7,-9.208,1,0.331,0.000993,0.0,0.325,0.602,96.978,audio_features,7f6PquSCnTPMb1AbBu92oI,219754,4,0.664,1.0,0.719,0.726
0.803,0.648,0,-6.596,1,0.0645,0.132,0.0,0.138,0.936,99.987,audio_features,60sKzWUNVvZ0QeX5tcgnlp,135353,4,0.531,1.0,0.507,0.945
0.802,0.702,11,-7.078,0,0.0515,0.00649,0.000354,0.175,0.835,98.012,audio_features,4I8Yw2b1m3R2EIm7gkyRJV,203005,4,0.346,1.0,0.31,0.349
0.817,0.623,9,-6.746,1,0.185,0.0449,0.0,0.0723,0.707,98.102,audio_features,09BJRTCa0JuHD6TxtGVYj5,173878,4,0.889,1.0,0.688,0.588
0.788,0.573,9,-6.421,0,0.114,0.143,0.0,0.332,0.484,100.017,audio_features,7ps2ubDk6VEytKw5xFSZeE,144000,4,0.534,1.0,0.374,0.342
0.771,0.791,7,-4.84,1,0.115,0.00401,1.65e-05,0.479,0.879,97.003,audio_features,0lmyDhAiTPwYC9e2rDAGEO,183287,4,0.639,1.0,0.456,0.497
0.798,0.692,11,-5.214,0,0.0662,0.0477,0.0,0.113,0.777,100.021,audio_features,5iPk6ylNdN0Rw8bMtQzIgh,127200,4,0.486,1.0,0.45,0.474
0.706,0.788,6,-6.868,0,0.142,0.0421,0.0,0.348,0.216,98.056,audio_features,61xa5UP0WKT6iKhEqzFa4j,124970,4,0.724,1.0,0.617,0.537
0.618,0.938,9,-3.442,1,0.0456,0.0179,0.0,0.167,0.875,91.455,audio_features,3ZOEytgrvLwQaqXreDs2Jx,269000,4,0.122,1.0,0.608,0.38
0.592,0.767,9,-2.788,0,0.027,0.0021,0.00165,0.127,0.328,96.483,audio_features,48UPSzbZjgc449aqz8bxox,329733,4,0.53,1.0,0.603,0.607
0.595,0.717,0,-4.803,1,0.0295,0.0779,0.00274,0.108,0.547,88.969,audio_features,1G391cbiT3v3Cywg8T7DM1,215907,4,0.0,1.0,0.358,0.515
0.559,0.345,4,-13.496,1,0.0459,0.0576,0.000105,0.141,0.458,84.581,audio_features,3d9DChrdc6BOeFsbrZ3Is0,264307,4,0.177,0.913,0.536,0.496
0.458,0.795,0,-3.265,1,0.0574,0.00316,0.000202,0.0756,0.513,123.229,audio_features,64BbK9SFKH2jk86U3dGj2P,255373,4,0.75,0.981,0.435,0.565
0.427,0.9,11,-3.674,1,0.0499,0.116,1.75e-05,0.119,0.599,104.655,audio_features,2aibwv5hGXSgw7Yru8IYTO,334667,4,0.27,0.949,0.515,0.575
0.556,0.913,0,-2.36,1,0.0437,0.0193,8.59e-06,0.346,0.73,96.184,audio_features,10Nmj3JCNoMeBQ87uw5j8k,282160,4,0.286,1.0,0.018,0.265
0.451,0.97,0,-4.938,1,0.107,0.0264,0.00355,0.102,0.198,122.444,audio_features,1f2V8U1BiWaC9aJWmpOARe,216933,4,0.382,0.879,0.102,0.377
0.666,0.936,7,-9.919,1,0.0476,0.00244,0.086,0.153,0.776,91.577,audio_features,0uppYCG86ajpV2hSR3dJJ0,282907,4,0.379,1.0,0.185,0.35
0.7,0.742,5,-6.777,0,0.0716,0.0722,0.0199,0.11,0.197,91.959,audio_features,2oaK4JLVnmRGIO9ytBE1bt,302000,4,0.367,1.0,0.0,0.0
0.4,0.915,0,-4.89,1,0.279,0.083,0.0,0.0503,0.871,89.006,audio_features,2a1o6ZejUi8U3wzzOtCOYw,198773,3,0.046,0.881,0.35,0.49
0.822,0.713,9,-7.501,1,0.122,0.186,0.00013,0.0431,0.714,94.034,audio_features,69Ej1xrGjOcHvIMtMKxK0G,204600,4,0.353,1.0,0.339,0.336
0.887,0.701,4,-5.892,0,0.0872,0.106,0.00948,0.0466,0.965,110.002,audio_features,48NXpYRuvv9izul4oXhqS9,315293,4,0.968,1.0,0.279,0.424
0.788,0.873,7,-2.322,1,0.117,0.00607,0.00052,0.0908,0.703,91.981,audio_features,79zvVrn65ksbiGQxrtV4I5,193613,4,0.184,1.0,0.303,0.44
0.801,0.839,1,-3.267,0,0.24,0.0206,7.08e-05,0.0946,0.792,170.013,audio_features,4f49sFQko7jHLEFd3tCf5p,229027,4,0.749,1.0,0.681,0.653
0.785,0.881,8,-4.205,0,0.0505,0.212,0.0,0.753,0.729,113.999,audio_features,5nJaS3PEpyPfaWiLxIGtRX,239493,4,0.754,1.0,0.687,0.51
0.73,0.863,1,-5.082,1,0.153,0.0373,0.0,0.491,0.818,170.017,audio_features,0BenZn1xELuxhb7Pjwyjxv,237973,4,0.229,1.0,0.023,0.161
0.831,0.818,2,-7.827,1,0.0824,0.0245,0.000319,0.0892,0.819,95.022,audio_features,1PZrHbJjt5t7dP9OGRxcD0,212413,4,0.662,1.0,0.302,0.147
0.553,0.879,5,-4.519,0,0.361,0.425,0.0,0.292,0.757,86.657,audio_features,4MLSjN1xAevuHXoSs8etwl,305667,4,0.316,0.729,0.154,0.204
0.801,0.716,7,-8.398,0,0.0538,0.282,1.07e-05,0.163,0.777,94.004,audio_features,3gvGnkmg8zVZdBAx4B7Cvq,252387,4,0.861,1.0,0.577,0.435
0.557,0.54,9,-10.484,1,0.0347,0.0339,0.00248,0.179,0.394,129.177,audio_features,6dGnYIeXmHdcikdzNNDMm2,185733,4,0.688,0.784,0.839,0.5
0.332,0.179,5,-11.83,1,0.0326,0.879,0.0,0.0886,0.315,96.524,audio_features,3BQHpFgAp4l80e1XslIjNI,125667,4,0.214,0.922,0.563,0.604
0.482,0.849,2,-9.198,1,0.0452,0.641,7.74e-06,0.0414,0.937,124.631,audio_features,5ZBeML7Lf3FMEVviTyvi8l,155227,4,0.702,0.857,0.741,0.562
0.443,0.403,0,-8.339,1,0.0322,0.631,0.0,0.111,0.41,143.462,audio_features,7iN1s7xHE4ifF5povM6A48,243027,4,0.186,1.0,0.842,0.72
0.53,0.376,9,-11.913,0,0.04,0.0304,0.247,0.0926,0.188,164.775,audio_features,2EqlS6tkEnglzr7tkKAAYD,259947,4,0.181,1.0,0.626,0.503
0.688,0.435,9,-11.359,1,0.0323,0.449,0.0,0.113,0.435,103.239,audio_features,3KfbEIOC7YIv90FIfNSZpo,146333,4,0.016,1.0,0.597,0.59
0.686,0.127,7,-14.361,1,0.0342,0.754,1.41e-05,0.0573,0.372,93.699,audio_features,5jgFfDIR6FR0gvlA56Nakr,138387,4,0.625,0.873,0.857,0.832
0.378,0.557,10,-9.127,1,0.0249,0.0161,0.0,0.115,0.53,147.43,audio_features,1RP85mAmvJ8baqjP53kFJu,431453,4,0.01,1.0,0.344,0.431
0.496,0.703,7,-6.905,1,0.0377,0.525,2.12e-06,0.305,0.936,130.915,audio_features,5Qe7NHxeLAn8KoLTNLSdwe,146720,4,0.608,1.0,0.452,0.512
0.406,0.338,0,-10.872,1,0.0303,0.195,2.57e-06,0.138,0.379,132.875,audio_features,0pNeVovbiZHkulpGeOx1Gj,182293,4,0.163,1.0,0.515,0.558
0.835,0.679,7,-5.329,0,0.0364,0.583,1.98e-06,0.218,0.85,124.98,audio_features,3tt9i3Hhzq84dPS8H7iSiJ,162638,4,0.877,1.0,0.588,0.485
0.725,0.801,4,-6.544,1,0.0372,0.0333,6.13e-06,0.156,0.642,135.162,audio_features,0lbDzTINTToToBpkrnQT2t,279276,3,0.927,0.978,0.31,0.357
0.777,0.774,8,-3.079,0,0.0553,0.0895,0.000401,0.0909,0.661,123.982,audio_features,5KbBVSj6AJZ5662fO8EYFh,189669,4,0.806,1.0,0.353,0.406
0.574,0.799,0,-3.726,1,0.0396,0.578,0.0,0.498,0.761,132.525,audio_features,49Zc3sEJHADPoVDM4jNKgs,188412,4,0.509,0.945,0.583,0.669
0.817,0.851,11,-3.309,0,0.0627,0.0351,0.0,0.232,0.886,127.019,audio_features,1MB8kTH7VKvAMfL9SHgJmG,215600,4,0.929,1.0,0.336,0.406
0.697,0.74,6,-4.717,0,0.0397,0.0132,0.000155,0.117,0.331,131.938,audio_features,6xqQDwzjswlToEEHgvA3KM,239482,4,0.806,0.936,0.499,0.464
0.793,0.782,4,-3.945,1,0.0582,0.447,0.0,0.124,0.81,143.86,audio_features,1WH3iquIQXnSPwUzlROT8R,191945,4,0.663,1.0,0.0,0.064
0.788,0.477,4,-7.348,1,0.0434,0.549,0.0,0.349,0.86,94.983,audio_features,5jf0PmPCHefQ78uAzqIqbj,213027,4,0.428,0.717,0.386,0.442
0.717,0.616,0,-6.867,1,0.0681,0.0221,0.000512,0.0774,0.527,179.927,audio_features,3KV9n8QMepWCXI3TkWKeZy,174526,4,0.296,1.0,0.563,0.736
0.736,0.632,11,-4.939,0,0.0648,0.18,0.0,0.349,0.503,92.03,audio_features,5VzNsUnLmYcRfRfxpQsusa,216107,4,0.464,1.0,0.295,0.498
